ORG,OBJECT,PROJECT,ACCOUNT,DESCRIPTION,YEAR,PER,JOURNAL,EFF DATE,SRC,T,REF1,PO/REF2,REF3,REFERENCE,AMOUNT
44301,54335,00000,1100-40-44-443-4401-0000-00000-00000-54335-00000,SW ADM SY LIC MNT,2019,3,48,03/01/2019,API,1,601485,19000599,454956,6353,500.27
44330,54260,00000,1100-40-44-443-4430-0000-00000-00000-54260-00000,ST SN PLOW SNOW REMVL,2019,3,,03/05/2019,API,,600884,19000190,455269,,"4,816.50"
44301,54121,00000,1100-40-44-443-4401-0000-00000-00000-54121-00000,SW ADM CELL PHONE,2019,2,"2,209",02/24/2019,API,1,601212,,455427,6421,111.64
44301,54120,00000,1100-40-44-443-4401-0000-00000-00000-54120-00000,SW ADM TELEPHONE,2019,2,"2,209",02/24/2019,API,1,708467,,455384,6421,17.02
44330,53240,00000,1100-40-44-443-4430-0000-00000-00000-53240-00000,ST SN PLOW SNOW SUP,2019,2,"2,054",02/28/2019,API,1,617278,19000204,454807,6323,"17,361.22"
44330,53240,00000,1100-40-44-443-4430-0000-00000-00000-53240-00000,ST SN PLOW SNOW SUP,2019,2,"1,727",02/26/2019,API,1,617278,19000204,454689,6271,"11,579.07"
44330,53240,00000,1100-40-44-443-4430-0000-00000-00000-53240-00000,ST SN PLOW SNOW SUP,2019,2,"1,726",02/26/2019,API,1,708461,19000161,454692,6274,"17,165.96"
44330,53240,00000,1100-40-44-443-4430-0000-00000-00000-53240-00000,ST SN PLOW SNOW SUP,2019,2,"1,726",02/26/2019,API,1,708461,19000161,454693,6274,"4,412.34"
44330,53240,00000,1100-40-44-443-4430-0000-00000-00000-53240-00000,ST SN PLOW SNOW SUP,2019,2,"1,726",02/26/2019,API,1,708461,19000161,454695,6274,"19,892.14"
44330,54260,00000,1100-40-44-443-4430-0000-00000-00000-54260-00000,ST SN PLOW SNOW REMVL,2019,2,"1,686",02/26/2019,API,1,612744,19000188,454646,6257,"21,122.50"
44330,54260,00000,1100-40-44-443-4430-0000-00000-00000-54260-00000,ST SN PLOW SNOW REMVL,2019,2,"1,686",02/26/2019,API,1,612744,,454647,6257,"26,880.00"
44330,54260,00000,1100-40-44-443-4430-0000-00000-00000-54260-00000,ST SN PLOW SNOW REMVL,2019,2,"1,686",02/26/2019,API,1,616558,19000199,454648,6257,"3,783.00"
44330,54260,00000,1100-40-44-443-4430-0000-00000-00000-54260-00000,ST SN PLOW SNOW REMVL,2019,2,"1,686",02/26/2019,API,1,616558,19000199,454649,6257,"4,400.00"
44301,54112,00000,1100-40-44-443-4401-0000-00000-00000-54112-00000,SW ADM ELECTRICIT,2019,2,"1,325",02/17/2019,API,1,083279,,451376,6202,"2,015.73"
44301,54110,00000,1100-40-44-443-4401-0000-00000-00000-54110-00000,SW ADM NATRAL GAS,2019,2,"1,325",02/17/2019,API,1,083279,,451385,6202,"2,889.94"
44330,54260,00000,1100-40-44-443-4430-0000-00000-00000-54260-00000,ST SN PLOW SNOW REMVL,2019,2,"1,309",02/21/2019,API,1,166033,19000189,451325,6149,"3,654.00"
44330,54260,00000,1100-40-44-443-4430-0000-00000-00000-54260-00000,ST SN PLOW SNOW REMVL,2019,2,"1,309",02/21/2019,API,1,600884,19000190,451047,6149,"4,404.00"
44330,54260,00000,1100-40-44-443-4430-0000-00000-00000-54260-00000,ST SN PLOW SNOW REMVL,2019,2,"1,309",02/21/2019,API,1,608459,,451328,6149,"12,065.00"
44330,54260,00000,1100-40-44-443-4430-0000-00000-00000-54260-00000,ST SN PLOW SNOW REMVL,2019,2,"1,227",02/19/2019,API,1,051755,19000187,450551,6101,"6,667.00"
44330,54260,00000,1100-40-44-443-4430-0000-00000-00000-54260-00000,ST SN PLOW SNOW REMVL,2019,2,"1,227",02/19/2019,API,1,051755,19000187,450552,6101,"6,306.00"
44330,54260,00000,1100-40-44-443-4430-0000-00000-00000-54260-00000,ST SN PLOW SNOW REMVL,2019,2,"1,227",02/19/2019,API,1,166033,19000189,450590,6101,"2,958.00"
44330,54260,00000,1100-40-44-443-4430-0000-00000-00000-54260-00000,ST SN PLOW SNOW REMVL,2019,2,"1,227",02/19/2019,API,1,173088,,450556,6101,"3,871.50"
44330,54260,00000,1100-40-44-443-4430-0000-00000-00000-54260-00000,ST SN PLOW SNOW REMVL,2019,2,"1,227",02/19/2019,API,1,191460,,450581,6101,"1,431.00"
44330,54260,00000,1100-40-44-443-4430-0000-00000-00000-54260-00000,ST SN PLOW SNOW REMVL,2019,2,"1,227",02/19/2019,API,1,608459,19000202,450584,6101,"14,370.00"
44330,54260,00000,1100-40-44-443-4430-0000-00000-00000-54260-00000,ST SN PLOW SNOW REMVL,2019,2,"1,227",02/19/2019,API,1,609424,19000196,450545,6101,"8,966.50"
44330,54260,00000,1100-40-44-443-4430-0000-00000-00000-54260-00000,ST SN PLOW SNOW REMVL,2019,2,"1,227",02/19/2019,API,1,609424,19000196,450546,6101,"6,334.00"
44330,54260,00000,1100-40-44-443-4430-0000-00000-00000-54260-00000,ST SN PLOW SNOW REMVL,2019,2,"1,227",02/19/2019,API,1,609424,19000196,450548,6101,"10,132.50"
44330,54260,00000,1100-40-44-443-4430-0000-00000-00000-54260-00000,ST SN PLOW SNOW REMVL,2019,2,"1,227",02/19/2019,API,1,609424,19000196,450555,6101,"8,349.25"
44330,54260,00000,1100-40-44-443-4430-0000-00000-00000-54260-00000,ST SN PLOW SNOW REMVL,2019,2,"1,227",02/19/2019,API,1,706650,19000203,450848,6101,"5,216.00"
44330,53240,00000,1100-40-44-443-4430-0000-00000-00000-53240-00000,ST SN PLOW SNOW SUP,2019,2,"1,195",02/20/2019,API,1,708461,19000161,450789,6138,"19,789.26"
44330,53240,00000,1100-40-44-443-4430-0000-00000-00000-53240-00000,ST SN PLOW SNOW SUP,2019,2,"1,195",02/20/2019,API,1,708461,19000161,450790,CRED MEMO,"-1,752.79"
44330,53240,00000,1100-40-44-443-4430-0000-00000-00000-53240-00000,ST SN PLOW SNOW SUP,2019,2,"1,195",02/20/2019,API,1,708461,19000161,450791,6138,"15,085.27"
44330,53240,00000,1100-40-44-443-4430-0000-00000-00000-53240-00000,ST SN PLOW SNOW SUP,2019,2,"1,195",02/20/2019,API,1,708461,19000161,450792,6138,"22,188.24"
44330,53240,00000,1100-40-44-443-4430-0000-00000-00000-53240-00000,ST SN PLOW SNOW SUP,2019,2,"1,195",02/20/2019,API,1,708461,19000161,450793,6138,"22,325.92"
44330,53240,00000,1100-40-44-443-4430-0000-00000-00000-53240-00000,ST SN PLOW SNOW SUP,2019,2,"1,195",02/20/2019,API,1,708461,19000161,450794,6138,"20,516.14"
44301,51110,00000,1100-40-44-443-4401-0000-00000-00000-51110-00000,SW ADM PERM WAGES,2019,2,"1,183",02/22/2019,PRJ,1,1904,11904,11904,PR1904,"14,328.00"
44301,51120,00000,1100-40-44-443-4401-0000-00000-00000-51120-00000,SW ADM PRMIUM PAY,2019,2,"1,183",02/22/2019,PRJ,1,1904,11904,11904,PR1904,339.45
44301,51310,00000,1100-40-44-443-4401-0000-00000-00000-51310-00000,SW ADM OVRTM PERM,2019,2,"1,183",02/22/2019,PRJ,1,1904,11904,11904,PR1904,"11,210.93"
44301,52413,00000,1100-40-44-443-4401-0000-00000-00000-52413-00000,SW ADM WAGE INS B,2019,2,"1,183",02/22/2019,PRJ,1,1904,11904,11904,PR1904,145.58
44301,52510,00000,1100-40-44-443-4401-0000-00000-00000-52510-00000,SW ADM WI RET SY,2019,2,"1,183",02/22/2019,PRJ,1,1904,11904,11904,PR1904,"1,695.27"
44301,52610,00000,1100-40-44-443-4401-0000-00000-00000-52610-00000,SW ADM FICA MEDIC,2019,2,"1,183",02/22/2019,PRJ,1,1904,11904,11904,PR1904,"1,933.89"
44301,54121,00000,1100-40-44-443-4401-0000-00000-00000-54121-00000,SW ADM CELL PHONE,2019,2,"1,183",02/22/2019,PRJ,1,1904,11904,11904,PR1904,4.00
44330,51110,00000,1100-40-44-443-4430-0000-00000-00000-51110-00000,ST SN PLOW PERM WAGES,2019,2,"1,183",02/22/2019,PRJ,1,1904,11904,11904,PR1904,"164,559.61"
44330,51120,00000,1100-40-44-443-4430-0000-00000-00000-51120-00000,ST SN PLOW PRMIUM PAY,2019,2,"1,183",02/22/2019,PRJ,1,1904,11904,11904,PR1904,"2,113.01"
44330,51130,00000,1100-40-44-443-4430-0000-00000-00000-51130-00000,ST SN PLOW WKR COMP W,2019,2,"1,183",02/22/2019,PRJ,1,1904,11904,11904,PR1904,223.53
44330,51140,00000,1100-40-44-443-4430-0000-00000-00000-51140-00000,ST SN PLOW COMP ABSNC,2019,2,"1,183",02/22/2019,PRJ,1,1904,11904,11904,PR1904,37.29
44330,51310,00000,1100-40-44-443-4430-0000-00000-00000-51310-00000,ST SN PLOW OVRTM PERM,2019,2,"1,183",02/22/2019,PRJ,1,1904,11904,11904,PR1904,"126,682.24"
44330,52410,00000,1100-40-44-443-4430-0000-00000-00000-52410-00000,ST SN PLOW HLTH INS B,2019,2,"1,183",02/22/2019,PRJ,1,1904,11904,11904,PR1904,725.01
44330,52413,00000,1100-40-44-443-4430-0000-00000-00000-52413-00000,ST SN PLOW WAGE INS B,2019,2,"1,183",02/22/2019,PRJ,1,1904,11904,11904,PR1904,"1,383.64"
44330,52510,00000,1100-40-44-443-4430-0000-00000-00000-52510-00000,ST SN PLOW WI RET SY,2019,2,"1,183",02/22/2019,PRJ,1,1904,11904,11904,PR1904,"19,232.25"
44330,52610,00000,1100-40-44-443-4430-0000-00000-00000-52610-00000,ST SN PLOW FICA MEDIC,2019,2,"1,183",02/22/2019,PRJ,1,1904,11904,11904,PR1904,"22,076.32"
44331,51110,00000,1100-40-44-443-4431-0000-00000-00000-51110-00000,ST SN REMV PERM WAGES,2019,2,"1,183",02/22/2019,PRJ,1,1904,11904,11904,PR1904,499.68
44331,51140,00000,1100-40-44-443-4431-0000-00000-00000-51140-00000,ST SN REMV COMP ABSNC,2019,2,"1,183",02/22/2019,PRJ,1,1904,11904,11904,PR1904,3.73
44331,52413,00000,1100-40-44-443-4431-0000-00000-00000-52413-00000,ST SN REMV WAGE INS B,2019,2,"1,183",02/22/2019,PRJ,1,1904,11904,11904,PR1904,5.19
44331,52510,00000,1100-40-44-443-4431-0000-00000-00000-52510-00000,ST SN REMV WI RET SY,2019,2,"1,183",02/22/2019,PRJ,1,1904,11904,11904,PR1904,34.50
44331,52610,00000,1100-40-44-443-4431-0000-00000-00000-52610-00000,ST SN REMV FICA MEDIC,2019,2,"1,183",02/22/2019,PRJ,1,1904,11904,11904,PR1904,38.51
44332,51110,00000,1100-40-44-443-4432-0000-00000-00000-51110-00000,ST SN CROS PERM WAGES,2019,2,"1,183",02/22/2019,PRJ,1,1904,11904,11904,PR1904,"11,621.42"
44332,51140,00000,1100-40-44-443-4432-0000-00000-00000-51140-00000,ST SN CROS COMP ABSNC,2019,2,"1,183",02/22/2019,PRJ,1,1904,11904,11904,PR1904,3.73
44332,52413,00000,1100-40-44-443-4432-0000-00000-00000-52413-00000,ST SN CROS WAGE INS B,2019,2,"1,183",02/22/2019,PRJ,1,1904,11904,11904,PR1904,94.18
44332,52510,00000,1100-40-44-443-4432-0000-00000-00000-52510-00000,ST SN CROS WI RET SY,2019,2,"1,183",02/22/2019,PRJ,1,1904,11904,11904,PR1904,762.94
44332,52610,00000,1100-40-44-443-4432-0000-00000-00000-52610-00000,ST SN CROS FICA MEDIC,2019,2,"1,183",02/22/2019,PRJ,1,1904,11904,11904,PR1904,873.48
44333,51110,00000,1100-40-44-443-4433-0000-00000-00000-51110-00000,ST SN BARR PERM WAGES,2019,2,"1,183",02/22/2019,PRJ,1,1904,11904,11904,PR1904,"3,330.07"
44333,52413,00000,1100-40-44-443-4433-0000-00000-00000-52413-00000,ST SN BARR WAGE INS B,2019,2,"1,183",02/22/2019,PRJ,1,1904,11904,11904,PR1904,27.43
44333,52510,00000,1100-40-44-443-4433-0000-00000-00000-52510-00000,ST SN BARR WI RET SY,2019,2,"1,183",02/22/2019,PRJ,1,1904,11904,11904,PR1904,218.09
44333,52610,00000,1100-40-44-443-4433-0000-00000-00000-52610-00000,ST SN BARR FICA MEDIC,2019,2,"1,183",02/22/2019,PRJ,1,1904,11904,11904,PR1904,249.09
44334,51110,00000,1100-40-44-443-4434-0000-00000-00000-51110-00000,ST SN MISC PERM WAGES,2019,2,"1,183",02/22/2019,PRJ,1,1904,11904,11904,PR1904,833.23
44334,52413,00000,1100-40-44-443-4434-0000-00000-00000-52413-00000,ST SN MISC WAGE INS B,2019,2,"1,183",02/22/2019,PRJ,1,1904,11904,11904,PR1904,7.29
44334,52510,00000,1100-40-44-443-4434-0000-00000-00000-52510-00000,ST SN MISC WI RET SY,2019,2,"1,183",02/22/2019,PRJ,1,1904,11904,11904,PR1904,54.58
44334,52610,00000,1100-40-44-443-4434-0000-00000-00000-52610-00000,ST SN MISC FICA MEDIC,2019,2,"1,183",02/22/2019,PRJ,1,1904,11904,11904,PR1904,62.08
44330,54260,00000,1100-40-44-443-4430-0000-00000-00000-54260-00000,ST SN PLOW SNOW REMVL,2019,2,806,02/14/2019,API,1,612744,19000188,449060,5987,"28,897.00"
44330,54260,00000,1100-40-44-443-4430-0000-00000-00000-54260-00000,ST SN PLOW SNOW REMVL,2019,2,806,02/14/2019,API,1,612744,19000188,449063,5987,"25,984.00"
44330,54260,00000,1100-40-44-443-4430-0000-00000-00000-54260-00000,ST SN PLOW SNOW REMVL,2019,2,806,02/14/2019,API,1,612744,19000188,449068,5987,"29,677.00"
44330,54260,00000,1100-40-44-443-4430-0000-00000-00000-54260-00000,ST SN PLOW SNOW REMVL,2019,2,806,02/14/2019,API,1,706650,19000203,449074,5987,"4,569.75"
44330,54260,00000,1100-40-44-443-4430-0000-00000-00000-54260-00000,ST SN PLOW SNOW REMVL,2019,2,795,02/14/2019,API,1,173088,19000201,449057,5987,"3,523.50"
44330,54260,00000,1100-40-44-443-4430-0000-00000-00000-54260-00000,ST SN PLOW SNOW REMVL,2019,2,795,02/14/2019,API,1,173088,19000201,449062,5987,"3,654.00"
44330,54260,00000,1100-40-44-443-4430-0000-00000-00000-54260-00000,ST SN PLOW SNOW REMVL,2019,2,795,02/14/2019,API,1,173088,,449065,5987,"3,915.00"
44330,54260,00000,1100-40-44-443-4430-0000-00000-00000-54260-00000,ST SN PLOW SNOW REMVL,2019,2,795,02/14/2019,API,1,173088,,449066,5987,"1,914.00"
44330,54260,00000,1100-40-44-443-4430-0000-00000-00000-54260-00000,ST SN PLOW SNOW REMVL,2019,2,795,02/14/2019,API,1,191460,19000186,449069,5987,"1,669.50"
44330,54260,00000,1100-40-44-443-4430-0000-00000-00000-54260-00000,ST SN PLOW SNOW REMVL,2019,2,795,02/14/2019,API,1,600884,19000190,449067,5987,"4,617.75"
44330,57141,00000,1100-40-44-443-4430-0000-00000-00000-57141-00000,ST SN PLOW ID CHRG FS,2019,2,777,02/14/2019,GEN,1,,,,TE ELECT,99.48
44330,53210,00000,1100-40-44-443-4430-0000-00000-00000-53210-00000,ST SN PLOW WRK SUP,2019,2,777,02/14/2019,GEN,1,,,,TE ELECT,159.50
44330,53240,00000,1100-40-44-443-4430-0000-00000-00000-53240-00000,ST SN PLOW SNOW SUP,2019,2,654,02/13/2019,API,1,617278,19000204,448668,5924,"6,411.85"
44330,53240,00000,1100-40-44-443-4430-0000-00000-00000-53240-00000,ST SN PLOW SNOW SUP,2019,2,654,02/13/2019,API,1,617278,,448668,5924,"4,422.04"
44330,53240,00000,1100-40-44-443-4430-0000-00000-00000-53240-00000,ST SN PLOW SNOW SUP,2019,2,546,02/12/2019,API,1,708461,19000161,448322,5873,"25,824.11"
44301,52510,00000,1100-40-44-443-4401-0000-00000-00000-52510-00000,SW ADM WI RET SY,2019,2,509,02/08/2019,PRJ,1,1903VB,V1903VB,V1903VB,PR1903VB,0.01
44330,52610,00000,1100-40-44-443-4430-0000-00000-00000-52610-00000,ST SN PLOW FICA MEDIC,2019,2,509,02/08/2019,PRJ,1,1903VB,V1903VB,V1903VB,PR1903VB,-0.01
44301,51110,00000,1100-40-44-443-4401-0000-00000-00000-51110-00000,SW ADM PERM WAGES,2019,2,506,02/08/2019,PRJ,1,1903SA,21903SA,21903SA,PR1903SA,"5,959.47"
44301,51140,00000,1100-40-44-443-4401-0000-00000-00000-51140-00000,SW ADM COMP ABSNC,2019,2,506,02/08/2019,PRJ,1,1903SA,21903SA,21903SA,PR1903SA,771.64
44301,51310,00000,1100-40-44-443-4401-0000-00000-00000-51310-00000,SW ADM OVRTM PERM,2019,2,506,02/08/2019,PRJ,1,1903SA,21903SA,21903SA,PR1903SA,"3,082.15"
44301,52410,00000,1100-40-44-443-4401-0000-00000-00000-52410-00000,SW ADM HLTH INS B,2019,2,506,02/08/2019,PRJ,1,1903SA,21903SA,21903SA,PR1903SA,"1,464.75"
44301,52413,00000,1100-40-44-443-4401-0000-00000-00000-52413-00000,SW ADM WAGE INS B,2019,2,506,02/08/2019,PRJ,1,1903SA,21903SA,21903SA,PR1903SA,26.66
44301,52510,00000,1100-40-44-443-4401-0000-00000-00000-52510-00000,SW ADM WI RET SY,2019,2,506,02/08/2019,PRJ,1,1903SA,21903SA,21903SA,PR1903SA,664.54
44301,52610,00000,1100-40-44-443-4401-0000-00000-00000-52610-00000,SW ADM FICA MEDIC,2019,2,506,02/08/2019,PRJ,1,1903SA,21903SA,21903SA,PR1903SA,748.71
44330,53240,00000,1100-40-44-443-4430-0000-00000-00000-53240-00000,ST SN PLOW SNOW SUP,2019,2,440,02/11/2019,API,1,708461,19000161,448271,5834,"11,376.14"
44330,53240,00000,1100-40-44-443-4430-0000-00000-00000-53240-00000,ST SN PLOW SNOW SUP,2019,2,440,02/11/2019,API,1,708461,19000161,448272,5834,"36,907.87"
44301,51110,00000,1100-40-44-443-4401-0000-00000-00000-51110-00000,SW ADM PERM WAGES,2019,2,350,02/08/2019,PRJ,1,1903VA,V1903VA,V1903VA,PR1903VA,"-7,884.46"
44301,51140,00000,1100-40-44-443-4401-0000-00000-00000-51140-00000,SW ADM COMP ABSNC,2019,2,350,02/08/2019,PRJ,1,1903VA,V1903VA,V1903VA,PR1903VA,-771.64
44301,51310,00000,1100-40-44-443-4401-0000-00000-00000-51310-00000,SW ADM OVRTM PERM,2019,2,350,02/08/2019,PRJ,1,1903VA,V1903VA,V1903VA,PR1903VA,"-1,157.16"
44301,52410,00000,1100-40-44-443-4401-0000-00000-00000-52410-00000,SW ADM HLTH INS B,2019,2,350,02/08/2019,PRJ,1,1903VA,V1903VA,V1903VA,PR1903VA,"-1,407.39"
44301,52413,00000,1100-40-44-443-4401-0000-00000-00000-52413-00000,SW ADM WAGE INS B,2019,2,350,02/08/2019,PRJ,1,1903VA,V1903VA,V1903VA,PR1903VA,-25.68
44301,52510,00000,1100-40-44-443-4401-0000-00000-00000-52510-00000,SW ADM WI RET SY,2019,2,350,02/08/2019,PRJ,1,1903VA,V1903VA,V1903VA,PR1903VA,-663.39
44301,52610,00000,1100-40-44-443-4401-0000-00000-00000-52610-00000,SW ADM FICA MEDIC,2019,2,350,02/08/2019,PRJ,1,1903VA,V1903VA,V1903VA,PR1903VA,-748.83
44301,51110,00000,1100-40-44-443-4401-0000-00000-00000-51110-00000,SW ADM PERM WAGES,2019,2,280,02/08/2019,PRJ,1,1903,11903,11903,PR1903,"14,741.59"
44301,51120,00000,1100-40-44-443-4401-0000-00000-00000-51120-00000,SW ADM PRMIUM PAY,2019,2,280,02/08/2019,PRJ,1,1903,11903,11903,PR1903,376.79
44301,51310,00000,1100-40-44-443-4401-0000-00000-00000-51310-00000,SW ADM OVRTM PERM,2019,2,280,02/08/2019,PRJ,1,1903,11903,11903,PR1903,"14,475.58"
44301,52410,00000,1100-40-44-443-4401-0000-00000-00000-52410-00000,SW ADM HLTH INS B,2019,2,280,02/08/2019,PRJ,1,1903,11903,11903,PR1903,"5,186.02"
44301,52413,00000,1100-40-44-443-4401-0000-00000-00000-52413-00000,SW ADM WAGE INS B,2019,2,280,02/08/2019,PRJ,1,1903,11903,11903,PR1903,4.58
44301,52510,00000,1100-40-44-443-4401-0000-00000-00000-52510-00000,SW ADM WI RET SY,2019,2,280,02/08/2019,PRJ,1,1903,11903,11903,PR1903,"1,938.39"
44301,52610,00000,1100-40-44-443-4401-0000-00000-00000-52610-00000,SW ADM FICA MEDIC,2019,2,280,02/08/2019,PRJ,1,1903,11903,11903,PR1903,"2,193.83"
44330,51110,00000,1100-40-44-443-4430-0000-00000-00000-51110-00000,ST SN PLOW PERM WAGES,2019,2,280,02/08/2019,PRJ,1,1903,11903,11903,PR1903,"117,400.47"
44330,51120,00000,1100-40-44-443-4430-0000-00000-00000-51120-00000,ST SN PLOW PRMIUM PAY,2019,2,280,02/08/2019,PRJ,1,1903,11903,11903,PR1903,"2,104.13"
44330,51130,00000,1100-40-44-443-4430-0000-00000-00000-51130-00000,ST SN PLOW WKR COMP W,2019,2,280,02/08/2019,PRJ,1,1903,11903,11903,PR1903,223.53
44330,51140,00000,1100-40-44-443-4430-0000-00000-00000-51140-00000,ST SN PLOW COMP ABSNC,2019,2,280,02/08/2019,PRJ,1,1903,11903,11903,PR1903,35.63
44330,51310,00000,1100-40-44-443-4430-0000-00000-00000-51310-00000,ST SN PLOW OVRTM PERM,2019,2,280,02/08/2019,PRJ,1,1903,11903,11903,PR1903,"127,174.68"
44330,52410,00000,1100-40-44-443-4430-0000-00000-00000-52410-00000,ST SN PLOW HLTH INS B,2019,2,280,02/08/2019,PRJ,1,1903,11903,11903,PR1903,"52,581.24"
44330,52510,00000,1100-40-44-443-4430-0000-00000-00000-52510-00000,ST SN PLOW WI RET SY,2019,2,280,02/08/2019,PRJ,1,1903,11903,11903,PR1903,"16,174.69"
44330,52610,00000,1100-40-44-443-4430-0000-00000-00000-52610-00000,ST SN PLOW FICA MEDIC,2019,2,280,02/08/2019,PRJ,1,1903,11903,11903,PR1903,"18,334.32"
44331,51110,00000,1100-40-44-443-4431-0000-00000-00000-51110-00000,ST SN REMV PERM WAGES,2019,2,280,02/08/2019,PRJ,1,1903,11903,11903,PR1903,0.41
44331,51140,00000,1100-40-44-443-4431-0000-00000-00000-51140-00000,ST SN REMV COMP ABSNC,2019,2,280,02/08/2019,PRJ,1,1903,11903,11903,PR1903,3.56
44331,52410,00000,1100-40-44-443-4431-0000-00000-00000-52410-00000,ST SN REMV HLTH INS B,2019,2,280,02/08/2019,PRJ,1,1903,11903,11903,PR1903,1.29
44331,52510,00000,1100-40-44-443-4431-0000-00000-00000-52510-00000,ST SN REMV WI RET SY,2019,2,280,02/08/2019,PRJ,1,1903,11903,11903,PR1903,1.77
44331,52610,00000,1100-40-44-443-4431-0000-00000-00000-52610-00000,ST SN REMV FICA MEDIC,2019,2,280,02/08/2019,PRJ,1,1903,11903,11903,PR1903,0.29
44332,51110,00000,1100-40-44-443-4432-0000-00000-00000-51110-00000,ST SN CROS PERM WAGES,2019,2,280,02/08/2019,PRJ,1,1903,11903,11903,PR1903,"2,651.60"
44332,51120,00000,1100-40-44-443-4432-0000-00000-00000-51120-00000,ST SN CROS PRMIUM PAY,2019,2,280,02/08/2019,PRJ,1,1903,11903,11903,PR1903,57.50
44332,51140,00000,1100-40-44-443-4432-0000-00000-00000-51140-00000,ST SN CROS COMP ABSNC,2019,2,280,02/08/2019,PRJ,1,1903,11903,11903,PR1903,3.56
44332,51310,00000,1100-40-44-443-4432-0000-00000-00000-51310-00000,ST SN CROS OVRTM PERM,2019,2,280,02/08/2019,PRJ,1,1903,11903,11903,PR1903,"1,734.58"
44332,52410,00000,1100-40-44-443-4432-0000-00000-00000-52410-00000,ST SN CROS HLTH INS B,2019,2,280,02/08/2019,PRJ,1,1903,11903,11903,PR1903,"1,526.84"
44332,52510,00000,1100-40-44-443-4432-0000-00000-00000-52510-00000,ST SN CROS WI RET SY,2019,2,280,02/08/2019,PRJ,1,1903,11903,11903,PR1903,292.83
44332,52610,00000,1100-40-44-443-4432-0000-00000-00000-52610-00000,ST SN CROS FICA MEDIC,2019,2,280,02/08/2019,PRJ,1,1903,11903,11903,PR1903,325.70
44333,51110,00000,1100-40-44-443-4433-0000-00000-00000-51110-00000,ST SN BARR PERM WAGES,2019,2,280,02/08/2019,PRJ,1,1903,11903,11903,PR1903,159.72
44333,52410,00000,1100-40-44-443-4433-0000-00000-00000-52410-00000,ST SN BARR HLTH INS B,2019,2,280,02/08/2019,PRJ,1,1903,11903,11903,PR1903,98.84
44333,52510,00000,1100-40-44-443-4433-0000-00000-00000-52510-00000,ST SN BARR WI RET SY,2019,2,280,02/08/2019,PRJ,1,1903,11903,11903,PR1903,10.46
44333,52610,00000,1100-40-44-443-4433-0000-00000-00000-52610-00000,ST SN BARR FICA MEDIC,2019,2,280,02/08/2019,PRJ,1,1903,11903,11903,PR1903,11.33
44330,53240,00000,1100-40-44-443-4430-0000-00000-00000-53240-00000,ST SN PLOW SNOW SUP,2019,2,169,02/05/2019,API,1,708461,19000161,444505,5686,"38,730.97"
44330,53240,00000,1100-40-44-443-4430-0000-00000-00000-53240-00000,ST SN PLOW SNOW SUP,2019,2,169,02/05/2019,API,1,708461,19000161,444506,5686,"25,761.19"
44330,53240,00000,1100-40-44-443-4430-0000-00000-00000-53240-00000,ST SN PLOW SNOW SUP,2019,2,107,02/05/2019,API,1,617278,19000204,444216,5668,"12,227.97"
44330,54260,00000,1100-40-44-443-4430-0000-00000-00000-54260-00000,ST SN PLOW SNOW REMVL,2019,2,98,02/04/2019,API,1,051755,19000187,444142,5634,"6,028.00"
44330,54260,00000,1100-40-44-443-4430-0000-00000-00000-54260-00000,ST SN PLOW SNOW REMVL,2019,2,98,02/04/2019,API,1,166033,19000189,444140,5634,"2,958.00"
44330,54260,00000,1100-40-44-443-4430-0000-00000-00000-54260-00000,ST SN PLOW SNOW REMVL,2019,2,98,02/04/2019,API,1,191460,19000186,444135,5634,"1,431.00"
44330,54260,00000,1100-40-44-443-4430-0000-00000-00000-54260-00000,ST SN PLOW SNOW REMVL,2019,2,98,02/04/2019,API,1,608459,19000202,444131,5634,"14,687.50"
44330,54260,00000,1100-40-44-443-4430-0000-00000-00000-54260-00000,ST SN PLOW SNOW REMVL,2019,2,98,02/04/2019,API,1,608459,19000202,444136,5634,"13,417.50"
44330,54260,00000,1100-40-44-443-4430-0000-00000-00000-54260-00000,ST SN PLOW SNOW REMVL,2019,2,98,02/04/2019,API,1,616558,19000199,444129,5634,"3,783.00"
44330,54260,00000,1100-40-44-443-4430-0000-00000-00000-54260-00000,ST SN PLOW SNOW REMVL,2019,2,98,02/04/2019,API,1,616558,19000199,444130,5634,"4,357.00"
44330,54260,00000,1100-40-44-443-4430-0000-00000-00000-54260-00000,ST SN PLOW SNOW REMVL,2019,2,98,02/04/2019,API,1,616558,19000199,444139,5634,"4,357.00"
44330,54260,00000,1100-40-44-443-4430-0000-00000-00000-54260-00000,ST SN PLOW SNOW REMVL,2019,2,98,02/04/2019,API,1,708412,19000198,444125,5634,"12,159.50"
44301,52410,00000,1100-40-44-443-4401-0000-00000-00000-52410-00000,SW ADM HLTH INS B,2019,2,24,02/01/2019,GNI,1,RCLFEB,,,RCL FEBINS,"5,168.97"
44330,52410,00000,1100-40-44-443-4430-0000-00000-00000-52410-00000,ST SN PLOW HLTH INS B,2019,2,24,02/01/2019,GNI,1,RCLFEB,,,RCL FEBINS,"27,847.44"
44331,52410,00000,1100-40-44-443-4431-0000-00000-00000-52410-00000,ST SN REMV HLTH INS B,2019,2,24,02/01/2019,GNI,1,RCLFEB,,,RCL FEBINS,1.05
44332,52410,00000,1100-40-44-443-4432-0000-00000-00000-52410-00000,ST SN CROS HLTH INS B,2019,2,24,02/01/2019,GNI,1,RCLFEB,,,RCL FEBINS,1.05
44330,54810,00000,1100-40-44-443-4430-0000-00000-00000-54810-00000,ST SN PLOW OTHR EXP,2019,2,,02/24/2019,API,,700172,,,PCARD,72.55
44330,53245,00000,1100-40-44-443-4430-0000-00000-00000-53245-00000,ST SN PLOW UNIFRM SUP,2019,2,,02/24/2019,API,,700140,,,PCARD,8.97
44301,53245,00000,1100-40-44-443-4401-0000-00000-00000-53245-00000,SW ADM UNIFRM SUP,2019,2,,02/24/2019,API,,700140,,,PCARD,1.38
44332,53245,00000,1100-40-44-443-4432-0000-00000-00000-53245-00000,ST SN CROS UNIFRM SUP,2019,2,,02/24/2019,API,,700140,,,PCARD,1.38
44333,53245,00000,1100-40-44-443-4433-0000-00000-00000-53245-00000,ST SN BARR UNIFRM SUP,2019,2,,02/24/2019,API,,700140,,,PCARD,1.38
44331,53245,00000,1100-40-44-443-4431-0000-00000-00000-53245-00000,ST SN REMV UNIFRM SUP,2019,2,,02/24/2019,API,,700140,,,PCARD,0.69
44330,53245,00000,1100-40-44-443-4430-0000-00000-00000-53245-00000,ST SN PLOW UNIFRM SUP,2019,2,,02/24/2019,API,,75192,,,PCARD,27.07
44301,53245,00000,1100-40-44-443-4401-0000-00000-00000-53245-00000,SW ADM UNIFRM SUP,2019,2,,02/24/2019,API,,75192,,,PCARD,4.16
44332,53245,00000,1100-40-44-443-4432-0000-00000-00000-53245-00000,ST SN CROS UNIFRM SUP,2019,2,,02/24/2019,API,,75192,,,PCARD,4.16
44333,53245,00000,1100-40-44-443-4433-0000-00000-00000-53245-00000,ST SN BARR UNIFRM SUP,2019,2,,02/24/2019,API,,75192,,,PCARD,4.16
44331,53245,00000,1100-40-44-443-4431-0000-00000-00000-53245-00000,ST SN REMV UNIFRM SUP,2019,2,,02/24/2019,API,,75192,,,PCARD,2.08
44330,53245,00000,1100-40-44-443-4430-0000-00000-00000-53245-00000,ST SN PLOW UNIFRM SUP,2019,2,,02/24/2019,API,,708720,,,PCARD,19.10
44301,53245,00000,1100-40-44-443-4401-0000-00000-00000-53245-00000,SW ADM UNIFRM SUP,2019,2,,02/24/2019,API,,708720,,,PCARD,2.94
44332,53245,00000,1100-40-44-443-4432-0000-00000-00000-53245-00000,ST SN CROS UNIFRM SUP,2019,2,,02/24/2019,API,,708720,,,PCARD,2.94
44333,53245,00000,1100-40-44-443-4433-0000-00000-00000-53245-00000,ST SN BARR UNIFRM SUP,2019,2,,02/24/2019,API,,708720,,,PCARD,2.94
44331,53245,00000,1100-40-44-443-4431-0000-00000-00000-53245-00000,ST SN REMV UNIFRM SUP,2019,2,,02/24/2019,API,,708720,,,PCARD,1.47
44301,53110,00000,1100-40-44-443-4401-0000-00000-00000-53110-00000,SW ADM OFFICE SUP,2019,2,,02/24/2019,API,,708720,,,PCARD,26.83
44301,54121,00000,1100-40-44-443-4401-0000-00000-00000-54121-00000,SW ADM CELL PHONE,2019,2,,02/24/2019,API,,708720,,,PCARD,1.20
44330,53245,00000,1100-40-44-443-4430-0000-00000-00000-53245-00000,ST SN PLOW UNIFRM SUP,2019,2,,02/24/2019,API,,701359,,,PCARD,27.90
44301,53245,00000,1100-40-44-443-4401-0000-00000-00000-53245-00000,SW ADM UNIFRM SUP,2019,2,,02/24/2019,API,,701359,,,PCARD,4.29
44332,53245,00000,1100-40-44-443-4432-0000-00000-00000-53245-00000,ST SN CROS UNIFRM SUP,2019,2,,02/24/2019,API,,701359,,,PCARD,4.29
44333,53245,00000,1100-40-44-443-4433-0000-00000-00000-53245-00000,ST SN BARR UNIFRM SUP,2019,2,,02/24/2019,API,,701359,,,PCARD,4.29
44331,53245,00000,1100-40-44-443-4431-0000-00000-00000-53245-00000,ST SN REMV UNIFRM SUP,2019,2,,02/24/2019,API,,701359,,,PCARD,2.15
44330,53245,00000,1100-40-44-443-4430-0000-00000-00000-53245-00000,ST SN PLOW UNIFRM SUP,2019,2,,02/24/2019,API,,602353,,,PCARD,46.69
44301,53245,00000,1100-40-44-443-4401-0000-00000-00000-53245-00000,SW ADM UNIFRM SUP,2019,2,,02/24/2019,API,,602353,,,PCARD,7.18
44332,53245,00000,1100-40-44-443-4432-0000-00000-00000-53245-00000,ST SN CROS UNIFRM SUP,2019,2,,02/24/2019,API,,602353,,,PCARD,7.18
44333,53245,00000,1100-40-44-443-4433-0000-00000-00000-53245-00000,ST SN BARR UNIFRM SUP,2019,2,,02/24/2019,API,,602353,,,PCARD,7.18
44331,53245,00000,1100-40-44-443-4431-0000-00000-00000-53245-00000,ST SN REMV UNIFRM SUP,2019,2,,02/24/2019,API,,602353,,,PCARD,3.59
44301,53110,00000,1100-40-44-443-4401-0000-00000-00000-53110-00000,SW ADM OFFICE SUP,2019,2,,02/24/2019,API,,707448,,,PCARD,5.74
44330,53230,00000,1100-40-44-443-4430-0000-00000-00000-53230-00000,ST SN PLOW MEDCAL SUP,2019,2,,02/24/2019,API,,700611,,,PCARD,24.04
44332,53230,00000,1100-40-44-443-4432-0000-00000-00000-53230-00000,ST SN CROS MEDCAL SUP,2019,2,,02/24/2019,API,,700611,,,PCARD,2.67
44333,53230,00000,1100-40-44-443-4433-0000-00000-00000-53230-00000,ST SN BARR MEDCAL SUP,2019,2,,02/24/2019,API,,700611,,,PCARD,1.34
44301,53110,00000,1100-40-44-443-4401-0000-00000-00000-53110-00000,SW ADM OFFICE SUP,2019,2,,02/24/2019,API,,707448,,,PCARD,14.43
44330,54540,00000,1100-40-44-443-4430-0000-00000-00000-54540-00000,ST SN PLOW UNFRM LNDR,2019,2,,02/24/2019,API,,614629,,,PCARD,20.84
44332,54540,00000,1100-40-44-443-4432-0000-00000-00000-54540-00000,ST SN CROS UNFRM LNDR,2019,2,,02/24/2019,API,,614629,,,PCARD,2.32
44333,54540,00000,1100-40-44-443-4433-0000-00000-00000-54540-00000,ST SN BARR UNFRM LNDR,2019,2,,02/24/2019,API,,614629,,,PCARD,1.16
44330,53210,00000,1100-40-44-443-4430-0000-00000-00000-53210-00000,ST SN PLOW WRK SUP,2019,2,,02/24/2019,API,,700641,,,PCARD,90.44
44332,53210,00000,1100-40-44-443-4432-0000-00000-00000-53210-00000,ST SN CROS WRK SUP,2019,2,,02/24/2019,API,,700641,,,PCARD,10.05
44333,53210,00000,1100-40-44-443-4433-0000-00000-00000-53210-00000,ST SN BARR WRK SUP,2019,2,,02/24/2019,API,,700641,,,PCARD,5.02
44330,53210,00000,1100-40-44-443-4430-0000-00000-00000-53210-00000,ST SN PLOW WRK SUP,2019,2,,02/24/2019,API,,700251,,,PCARD,17.63
44332,53210,00000,1100-40-44-443-4432-0000-00000-00000-53210-00000,ST SN CROS WRK SUP,2019,2,,02/24/2019,API,,700251,,,PCARD,1.96
44333,53210,00000,1100-40-44-443-4433-0000-00000-00000-53210-00000,ST SN BARR WRK SUP,2019,2,,02/24/2019,API,,700251,,,PCARD,0.98
44330,53210,00000,1100-40-44-443-4430-0000-00000-00000-53210-00000,ST SN PLOW WRK SUP,2019,2,,02/24/2019,API,,700641,,,PCARD,14.52
44332,53210,00000,1100-40-44-443-4432-0000-00000-00000-53210-00000,ST SN CROS WRK SUP,2019,2,,02/24/2019,API,,700641,,,PCARD,1.61
44333,53210,00000,1100-40-44-443-4433-0000-00000-00000-53210-00000,ST SN BARR WRK SUP,2019,2,,02/24/2019,API,,700641,,,PCARD,0.81
44330,54540,00000,1100-40-44-443-4430-0000-00000-00000-54540-00000,ST SN PLOW UNFRM LNDR,2019,2,,02/24/2019,API,,614629,,,PCARD,20.84
44332,54540,00000,1100-40-44-443-4432-0000-00000-00000-54540-00000,ST SN CROS UNFRM LNDR,2019,2,,02/24/2019,API,,614629,,,PCARD,2.32
44333,54540,00000,1100-40-44-443-4433-0000-00000-00000-54540-00000,ST SN BARR UNFRM LNDR,2019,2,,02/24/2019,API,,614629,,,PCARD,1.16
44330,53210,00000,1100-40-44-443-4430-0000-00000-00000-53210-00000,ST SN PLOW WRK SUP,2019,2,,02/24/2019,API,,700179,,,PCARD,38.12
44332,53210,00000,1100-40-44-443-4432-0000-00000-00000-53210-00000,ST SN CROS WRK SUP,2019,2,,02/24/2019,API,,700179,,,PCARD,4.24
44333,53210,00000,1100-40-44-443-4433-0000-00000-00000-53210-00000,ST SN BARR WRK SUP,2019,2,,02/24/2019,API,,700179,,,PCARD,2.12
44330,53210,00000,1100-40-44-443-4430-0000-00000-00000-53210-00000,ST SN PLOW WRK SUP,2019,2,,02/24/2019,API,,700179,,,PCARD,14.22
44332,53210,00000,1100-40-44-443-4432-0000-00000-00000-53210-00000,ST SN CROS WRK SUP,2019,2,,02/24/2019,API,,700179,,,PCARD,1.58
44333,53210,00000,1100-40-44-443-4433-0000-00000-00000-53210-00000,ST SN BARR WRK SUP,2019,2,,02/24/2019,API,,700179,,,PCARD,0.79
44330,53210,00000,1100-40-44-443-4430-0000-00000-00000-53210-00000,ST SN PLOW WRK SUP,2019,2,,02/24/2019,API,,609770,,,PCARD,17.82
44332,53210,00000,1100-40-44-443-4432-0000-00000-00000-53210-00000,ST SN CROS WRK SUP,2019,2,,02/24/2019,API,,609770,,,PCARD,1.98
44333,53210,00000,1100-40-44-443-4433-0000-00000-00000-53210-00000,ST SN BARR WRK SUP,2019,2,,02/24/2019,API,,609770,,,PCARD,0.99
44330,53210,00000,1100-40-44-443-4430-0000-00000-00000-53210-00000,ST SN PLOW WRK SUP,2019,2,,02/24/2019,API,,700171,,,PCARD,175.05
44332,53210,00000,1100-40-44-443-4432-0000-00000-00000-53210-00000,ST SN CROS WRK SUP,2019,2,,02/24/2019,API,,700171,,,PCARD,19.45
44333,53210,00000,1100-40-44-443-4433-0000-00000-00000-53210-00000,ST SN BARR WRK SUP,2019,2,,02/24/2019,API,,700171,,,PCARD,9.72
44330,53210,00000,1100-40-44-443-4430-0000-00000-00000-53210-00000,ST SN PLOW WRK SUP,2019,2,,02/24/2019,API,,120899,,,PCARD,19.63
44332,53210,00000,1100-40-44-443-4432-0000-00000-00000-53210-00000,ST SN CROS WRK SUP,2019,2,,02/24/2019,API,,120899,,,PCARD,2.18
44333,53210,00000,1100-40-44-443-4433-0000-00000-00000-53210-00000,ST SN BARR WRK SUP,2019,2,,02/24/2019,API,,120899,,,PCARD,1.09
44330,54540,00000,1100-40-44-443-4430-0000-00000-00000-54540-00000,ST SN PLOW UNFRM LNDR,2019,2,,02/24/2019,API,,614629,,,PCARD,20.84
44332,54540,00000,1100-40-44-443-4432-0000-00000-00000-54540-00000,ST SN CROS UNFRM LNDR,2019,2,,02/24/2019,API,,614629,,,PCARD,2.32
44333,54540,00000,1100-40-44-443-4433-0000-00000-00000-54540-00000,ST SN BARR UNFRM LNDR,2019,2,,02/24/2019,API,,614629,,,PCARD,1.16
44330,53210,00000,1100-40-44-443-4430-0000-00000-00000-53210-00000,ST SN PLOW WRK SUP,2019,2,,02/24/2019,API,,700376,,,PCARD,127.73
44332,53210,00000,1100-40-44-443-4432-0000-00000-00000-53210-00000,ST SN CROS WRK SUP,2019,2,,02/24/2019,API,,700376,,,PCARD,14.19
44333,53210,00000,1100-40-44-443-4433-0000-00000-00000-53210-00000,ST SN BARR WRK SUP,2019,2,,02/24/2019,API,,700376,,,PCARD,7.10
44330,53210,00000,1100-40-44-443-4430-0000-00000-00000-53210-00000,ST SN PLOW WRK SUP,2019,2,,02/24/2019,API,,700779,,,PCARD,36.46
44332,53210,00000,1100-40-44-443-4432-0000-00000-00000-53210-00000,ST SN CROS WRK SUP,2019,2,,02/24/2019,API,,700779,,,PCARD,4.05
44333,53210,00000,1100-40-44-443-4433-0000-00000-00000-53210-00000,ST SN BARR WRK SUP,2019,2,,02/24/2019,API,,700779,,,PCARD,2.03
44330,53210,00000,1100-40-44-443-4430-0000-00000-00000-53210-00000,ST SN PLOW WRK SUP,2019,2,,02/24/2019,API,,120899,,,PCARD,33.25
44332,53210,00000,1100-40-44-443-4432-0000-00000-00000-53210-00000,ST SN CROS WRK SUP,2019,2,,02/24/2019,API,,120899,,,PCARD,3.69
44333,53210,00000,1100-40-44-443-4433-0000-00000-00000-53210-00000,ST SN BARR WRK SUP,2019,2,,02/24/2019,API,,120899,,,PCARD,1.85
44330,54540,00000,1100-40-44-443-4430-0000-00000-00000-54540-00000,ST SN PLOW UNFRM LNDR,2019,2,,02/24/2019,API,,614629,,,PCARD,20.84
44332,54540,00000,1100-40-44-443-4432-0000-00000-00000-54540-00000,ST SN CROS UNFRM LNDR,2019,2,,02/24/2019,API,,614629,,,PCARD,2.32
44333,54540,00000,1100-40-44-443-4433-0000-00000-00000-54540-00000,ST SN BARR UNFRM LNDR,2019,2,,02/24/2019,API,,614629,,,PCARD,1.16
44330,53210,00000,1100-40-44-443-4430-0000-00000-00000-53210-00000,ST SN PLOW WRK SUP,2019,2,,02/24/2019,API,,700243,,,PCARD,150.94
44332,53210,00000,1100-40-44-443-4432-0000-00000-00000-53210-00000,ST SN CROS WRK SUP,2019,2,,02/24/2019,API,,700243,,,PCARD,16.77
44333,53210,00000,1100-40-44-443-4433-0000-00000-00000-53210-00000,ST SN BARR WRK SUP,2019,2,,02/24/2019,API,,700243,,,PCARD,8.39
44330,53210,00000,1100-40-44-443-4430-0000-00000-00000-53210-00000,ST SN PLOW WRK SUP,2019,2,,02/24/2019,API,,120899,,,PCARD,3.99
44332,53210,00000,1100-40-44-443-4432-0000-00000-00000-53210-00000,ST SN CROS WRK SUP,2019,2,,02/24/2019,API,,120899,,,PCARD,0.44
44333,53210,00000,1100-40-44-443-4433-0000-00000-00000-53210-00000,ST SN BARR WRK SUP,2019,2,,02/24/2019,API,,120899,,,PCARD,0.22
44330,53210,00000,1100-40-44-443-4430-0000-00000-00000-53210-00000,ST SN PLOW WRK SUP,2019,2,,02/24/2019,API,,700484,,,PCARD,19.33
44332,53210,00000,1100-40-44-443-4432-0000-00000-00000-53210-00000,ST SN CROS WRK SUP,2019,2,,02/24/2019,API,,700484,,,PCARD,2.15
44333,53210,00000,1100-40-44-443-4433-0000-00000-00000-53210-00000,ST SN BARR WRK SUP,2019,2,,02/24/2019,API,,700484,,,PCARD,1.07
44301,53120,00000,1100-40-44-443-4401-0000-00000-00000-53120-00000,SW ADM COPY PRINT,2019,1,"3,207",01/15/2019,API,1,600632,,454768,6297,114.06
44301,53150,00000,1100-40-44-443-4401-0000-00000-00000-53150-00000,SW ADM POSTAGE,2019,1,"3,205",01/15/2019,API,1,600632,,454766,6296,83.84
44301,54120,00000,1100-40-44-443-4401-0000-00000-00000-54120-00000,SW ADM TELEPHONE,2019,1,"3,202",01/16/2019,API,1,614885,,454749,6288,0.52
44301,54115,00000,1100-40-44-443-4401-0000-00000-00000-54115-00000,SW ADM STORMWATER,2019,1,"3,200",01/31/2019,API,1,065037,,454732,6282,110.94
44301,54113,00000,1100-40-44-443-4401-0000-00000-00000-54113-00000,SW ADM WATER,2019,1,"3,139",01/31/2019,API,1,065037,,450987,6151,110.05
44301,54113,00000,1100-40-44-443-4401-0000-00000-00000-54113-00000,SW ADM WATER,2019,1,"3,139",01/31/2019,API,1,065037,,450996,6151,316.27
44301,54113,00000,1100-40-44-443-4401-0000-00000-00000-54113-00000,SW ADM WATER,2019,1,"3,139",01/31/2019,API,1,065037,,451019,6151,100.08
44330,54210,00000,1100-40-44-443-4430-0000-00000-00000-54210-00000,ST SN PLOW BUILD IMPR,2019,1,"2,765",01/24/2019,API,1,021212,,448911,5960,163.55
44332,54210,00000,1100-40-44-443-4432-0000-00000-00000-54210-00000,ST SN CROS BUILD IMPR,2019,1,"2,765",01/24/2019,API,1,021212,,448911,5960,18.17
44333,54210,00000,1100-40-44-443-4433-0000-00000-00000-54210-00000,ST SN BARR BUILD IMPR,2019,1,"2,765",01/24/2019,API,1,021212,,448911,5960,9.09
44330,53210,00000,1100-40-44-443-4430-0000-00000-00000-53210-00000,ST SN PLOW WRK SUP,2019,1,"2,765",01/24/2019,API,1,034009,,448950,5960,6.68
44332,53210,00000,1100-40-44-443-4432-0000-00000-00000-53210-00000,ST SN CROS WRK SUP,2019,1,"2,765",01/24/2019,API,1,034009,,448950,5960,0.74
44333,53210,00000,1100-40-44-443-4433-0000-00000-00000-53210-00000,ST SN BARR WRK SUP,2019,1,"2,765",01/24/2019,API,1,034009,,448950,5960,0.37
44330,53210,00000,1100-40-44-443-4430-0000-00000-00000-53210-00000,ST SN PLOW WRK SUP,2019,1,"2,765",01/24/2019,API,1,075192,,448973,5960,5.47
44332,53210,00000,1100-40-44-443-4432-0000-00000-00000-53210-00000,ST SN CROS WRK SUP,2019,1,"2,765",01/24/2019,API,1,075192,,448973,5960,0.61
44333,53210,00000,1100-40-44-443-4433-0000-00000-00000-53210-00000,ST SN BARR WRK SUP,2019,1,"2,765",01/24/2019,API,1,075192,,448973,5960,0.30
44330,53210,00000,1100-40-44-443-4430-0000-00000-00000-53210-00000,ST SN PLOW WRK SUP,2019,1,"2,765",01/24/2019,API,1,075192,,448974,5960,16.42
44332,53210,00000,1100-40-44-443-4432-0000-00000-00000-53210-00000,ST SN CROS WRK SUP,2019,1,"2,765",01/24/2019,API,1,075192,,448974,5960,1.82
44333,53210,00000,1100-40-44-443-4433-0000-00000-00000-53210-00000,ST SN BARR WRK SUP,2019,1,"2,765",01/24/2019,API,1,075192,,448974,5960,0.91
44330,53210,00000,1100-40-44-443-4430-0000-00000-00000-53210-00000,ST SN PLOW WRK SUP,2019,1,"2,765",01/24/2019,API,1,224311,,448859,5960,42.89
44332,53210,00000,1100-40-44-443-4432-0000-00000-00000-53210-00000,ST SN CROS WRK SUP,2019,1,"2,765",01/24/2019,API,1,224311,,448859,5960,4.77
44333,53210,00000,1100-40-44-443-4433-0000-00000-00000-53210-00000,ST SN BARR WRK SUP,2019,1,"2,765",01/24/2019,API,1,224311,,448859,5960,2.38
44330,53210,00000,1100-40-44-443-4430-0000-00000-00000-53210-00000,ST SN PLOW WRK SUP,2019,1,"2,765",01/24/2019,API,1,602158,,448980,5960,12.57
44332,53210,00000,1100-40-44-443-4432-0000-00000-00000-53210-00000,ST SN CROS WRK SUP,2019,1,"2,765",01/24/2019,API,1,602158,,448980,5960,1.40
44333,53210,00000,1100-40-44-443-4433-0000-00000-00000-53210-00000,ST SN BARR WRK SUP,2019,1,"2,765",01/24/2019,API,1,602158,,448980,5960,0.70
44330,53210,00000,1100-40-44-443-4430-0000-00000-00000-53210-00000,ST SN PLOW WRK SUP,2019,1,"2,765",01/24/2019,API,1,605881,,448944,5960,69.46
44332,53210,00000,1100-40-44-443-4432-0000-00000-00000-53210-00000,ST SN CROS WRK SUP,2019,1,"2,765",01/24/2019,API,1,605881,,448944,5960,7.72
44333,53210,00000,1100-40-44-443-4433-0000-00000-00000-53210-00000,ST SN BARR WRK SUP,2019,1,"2,765",01/24/2019,API,1,605881,,448944,5960,3.86
44301,53245,00000,1100-40-44-443-4401-0000-00000-00000-53245-00000,SW ADM UNIFRM SUP,2019,1,"2,765",01/24/2019,API,1,609770,,448965,5960,5.91
44330,53245,00000,1100-40-44-443-4430-0000-00000-00000-53245-00000,ST SN PLOW UNIFRM SUP,2019,1,"2,765",01/24/2019,API,1,609770,,448965,5960,38.38
44331,53245,00000,1100-40-44-443-4431-0000-00000-00000-53245-00000,ST SN REMV UNIFRM SUP,2019,1,"2,765",01/24/2019,API,1,609770,,448965,5960,2.95
44332,53245,00000,1100-40-44-443-4432-0000-00000-00000-53245-00000,ST SN CROS UNIFRM SUP,2019,1,"2,765",01/24/2019,API,1,609770,,448965,5960,5.91
44333,53245,00000,1100-40-44-443-4433-0000-00000-00000-53245-00000,ST SN BARR UNIFRM SUP,2019,1,"2,765",01/24/2019,API,1,609770,,448965,5960,5.91
44330,53215,00000,1100-40-44-443-4430-0000-00000-00000-53215-00000,ST SN PLOW JANTOR SUP,2019,1,"2,765",01/24/2019,API,1,612001,,448881,5960,25.09
44332,53215,00000,1100-40-44-443-4432-0000-00000-00000-53215-00000,ST SN CROS JANTOR SUP,2019,1,"2,765",01/24/2019,API,1,612001,,448881,5960,2.79
44333,53215,00000,1100-40-44-443-4433-0000-00000-00000-53215-00000,ST SN BARR JANTOR SUP,2019,1,"2,765",01/24/2019,API,1,612001,,448881,5960,1.39
44330,53215,00000,1100-40-44-443-4430-0000-00000-00000-53215-00000,ST SN PLOW JANTOR SUP,2019,1,"2,765",01/24/2019,API,1,616314,,448848,5960,7.43
44332,53215,00000,1100-40-44-443-4432-0000-00000-00000-53215-00000,ST SN CROS JANTOR SUP,2019,1,"2,765",01/24/2019,API,1,616314,,448848,5960,0.83
44333,53215,00000,1100-40-44-443-4433-0000-00000-00000-53215-00000,ST SN BARR JANTOR SUP,2019,1,"2,765",01/24/2019,API,1,616314,,448848,5960,0.41
44330,53210,00000,1100-40-44-443-4430-0000-00000-00000-53210-00000,ST SN PLOW WRK SUP,2019,1,"2,765",01/24/2019,API,1,616314,,448866,5960,4.41
44332,53210,00000,1100-40-44-443-4432-0000-00000-00000-53210-00000,ST SN CROS WRK SUP,2019,1,"2,765",01/24/2019,API,1,616314,,448866,5960,0.49
44333,53210,00000,1100-40-44-443-4433-0000-00000-00000-53210-00000,ST SN BARR WRK SUP,2019,1,"2,765",01/24/2019,API,1,616314,,448866,5960,0.25
44330,53215,00000,1100-40-44-443-4430-0000-00000-00000-53215-00000,ST SN PLOW JANTOR SUP,2019,1,"2,765",01/24/2019,API,1,616314,,448882,5960,36.20
44332,53215,00000,1100-40-44-443-4432-0000-00000-00000-53215-00000,ST SN CROS JANTOR SUP,2019,1,"2,765",01/24/2019,API,1,616314,,448882,5960,4.02
44333,53215,00000,1100-40-44-443-4433-0000-00000-00000-53215-00000,ST SN BARR JANTOR SUP,2019,1,"2,765",01/24/2019,API,1,616314,,448882,5960,2.01
44330,53215,00000,1100-40-44-443-4430-0000-00000-00000-53215-00000,ST SN PLOW JANTOR SUP,2019,1,"2,765",01/24/2019,API,1,616314,,448942,5960,226.46
44332,53215,00000,1100-40-44-443-4432-0000-00000-00000-53215-00000,ST SN CROS JANTOR SUP,2019,1,"2,765",01/24/2019,API,1,616314,,448942,5960,25.16
44333,53215,00000,1100-40-44-443-4433-0000-00000-00000-53215-00000,ST SN BARR JANTOR SUP,2019,1,"2,765",01/24/2019,API,1,616314,,448942,5960,12.58
44330,53210,00000,1100-40-44-443-4430-0000-00000-00000-53210-00000,ST SN PLOW WRK SUP,2019,1,"2,765",01/24/2019,API,1,700179,,448975,5960,10.14
44332,53210,00000,1100-40-44-443-4432-0000-00000-00000-53210-00000,ST SN CROS WRK SUP,2019,1,"2,765",01/24/2019,API,1,700179,,448975,5960,1.13
44333,53210,00000,1100-40-44-443-4433-0000-00000-00000-53210-00000,ST SN BARR WRK SUP,2019,1,"2,765",01/24/2019,API,1,700179,,448975,5960,0.56
44330,53210,00000,1100-40-44-443-4430-0000-00000-00000-53210-00000,ST SN PLOW WRK SUP,2019,1,"2,765",01/24/2019,API,1,700185,,448875,5960,2.33
44332,53210,00000,1100-40-44-443-4432-0000-00000-00000-53210-00000,ST SN CROS WRK SUP,2019,1,"2,765",01/24/2019,API,1,700185,,448875,5960,0.26
44333,53210,00000,1100-40-44-443-4433-0000-00000-00000-53210-00000,ST SN BARR WRK SUP,2019,1,"2,765",01/24/2019,API,1,700185,,448875,5960,0.13
44330,53210,00000,1100-40-44-443-4430-0000-00000-00000-53210-00000,ST SN PLOW WRK SUP,2019,1,"2,765",01/24/2019,API,1,700240,,448847,5960,0.82
44332,53210,00000,1100-40-44-443-4432-0000-00000-00000-53210-00000,ST SN CROS WRK SUP,2019,1,"2,765",01/24/2019,API,1,700240,,448847,5960,0.09
44333,53210,00000,1100-40-44-443-4433-0000-00000-00000-53210-00000,ST SN BARR WRK SUP,2019,1,"2,765",01/24/2019,API,1,700240,,448847,5960,0.05
44330,53210,00000,1100-40-44-443-4430-0000-00000-00000-53210-00000,ST SN PLOW WRK SUP,2019,1,"2,765",01/24/2019,API,1,700290,,448964,5960,9.00
44332,53210,00000,1100-40-44-443-4432-0000-00000-00000-53210-00000,ST SN CROS WRK SUP,2019,1,"2,765",01/24/2019,API,1,700290,,448964,5960,1.00
44333,53210,00000,1100-40-44-443-4433-0000-00000-00000-53210-00000,ST SN BARR WRK SUP,2019,1,"2,765",01/24/2019,API,1,700290,,448964,5960,0.50
44330,53215,00000,1100-40-44-443-4430-0000-00000-00000-53215-00000,ST SN PLOW JANTOR SUP,2019,1,"2,765",01/24/2019,API,1,700641,,448935,5960,87.20
44332,53215,00000,1100-40-44-443-4432-0000-00000-00000-53215-00000,ST SN CROS JANTOR SUP,2019,1,"2,765",01/24/2019,API,1,700641,,448935,5960,9.69
44333,53215,00000,1100-40-44-443-4433-0000-00000-00000-53215-00000,ST SN BARR JANTOR SUP,2019,1,"2,765",01/24/2019,API,1,700641,,448935,5960,4.84
44330,53210,00000,1100-40-44-443-4430-0000-00000-00000-53210-00000,ST SN PLOW WRK SUP,2019,1,"2,765",01/24/2019,API,1,708356,,448860,5960,84.24
44332,53210,00000,1100-40-44-443-4432-0000-00000-00000-53210-00000,ST SN CROS WRK SUP,2019,1,"2,765",01/24/2019,API,1,708356,,448860,5960,9.36
44333,53210,00000,1100-40-44-443-4433-0000-00000-00000-53210-00000,ST SN BARR WRK SUP,2019,1,"2,765",01/24/2019,API,1,708356,,448860,5960,4.68
44330,53210,00000,1100-40-44-443-4430-0000-00000-00000-53210-00000,ST SN PLOW WRK SUP,2019,1,"2,765",01/24/2019,API,1,708356,,448943,5960,86.69
44332,53210,00000,1100-40-44-443-4432-0000-00000-00000-53210-00000,ST SN CROS WRK SUP,2019,1,"2,765",01/24/2019,API,1,708356,,448943,5960,9.63
44333,53210,00000,1100-40-44-443-4433-0000-00000-00000-53210-00000,ST SN BARR WRK SUP,2019,1,"2,765",01/24/2019,API,1,708356,,448943,5960,4.82
44330,53210,00000,1100-40-44-443-4430-0000-00000-00000-53210-00000,ST SN PLOW WRK SUP,2019,1,"2,744",01/24/2019,API,1,120899,,448622,5921,29.23
44332,53210,00000,1100-40-44-443-4432-0000-00000-00000-53210-00000,ST SN CROS WRK SUP,2019,1,"2,744",01/24/2019,API,1,120899,,448622,5921,3.25
44333,53210,00000,1100-40-44-443-4433-0000-00000-00000-53210-00000,ST SN BARR WRK SUP,2019,1,"2,744",01/24/2019,API,1,120899,,448622,5921,1.62
44330,53210,00000,1100-40-44-443-4430-0000-00000-00000-53210-00000,ST SN PLOW WRK SUP,2019,1,"2,744",01/24/2019,API,1,120899,,448625,5921,12.04
44332,53210,00000,1100-40-44-443-4432-0000-00000-00000-53210-00000,ST SN CROS WRK SUP,2019,1,"2,744",01/24/2019,API,1,120899,,448625,5921,1.34
44333,53210,00000,1100-40-44-443-4433-0000-00000-00000-53210-00000,ST SN BARR WRK SUP,2019,1,"2,744",01/24/2019,API,1,120899,,448625,5921,0.67
44330,53210,00000,1100-40-44-443-4430-0000-00000-00000-53210-00000,ST SN PLOW WRK SUP,2019,1,"2,744",01/24/2019,API,1,161265,,448617,5921,64.17
44332,53210,00000,1100-40-44-443-4432-0000-00000-00000-53210-00000,ST SN CROS WRK SUP,2019,1,"2,744",01/24/2019,API,1,161265,,448617,5921,7.13
44333,53210,00000,1100-40-44-443-4433-0000-00000-00000-53210-00000,ST SN BARR WRK SUP,2019,1,"2,744",01/24/2019,API,1,161265,,448617,5921,3.57
44330,54540,00000,1100-40-44-443-4430-0000-00000-00000-54540-00000,ST SN PLOW UNFRM LNDR,2019,1,"2,744",01/24/2019,API,1,614629,,448613,5921,11.33
44332,54540,00000,1100-40-44-443-4432-0000-00000-00000-54540-00000,ST SN CROS UNFRM LNDR,2019,1,"2,744",01/24/2019,API,1,614629,,448613,5921,1.26
44333,54540,00000,1100-40-44-443-4433-0000-00000-00000-54540-00000,ST SN BARR UNFRM LNDR,2019,1,"2,744",01/24/2019,API,1,614629,,448613,5921,0.63
44330,54540,00000,1100-40-44-443-4430-0000-00000-00000-54540-00000,ST SN PLOW UNFRM LNDR,2019,1,"2,744",01/24/2019,API,1,614629,,448616,5921,11.33
44332,54540,00000,1100-40-44-443-4432-0000-00000-00000-54540-00000,ST SN CROS UNFRM LNDR,2019,1,"2,744",01/24/2019,API,1,614629,,448616,5921,1.26
44333,54540,00000,1100-40-44-443-4433-0000-00000-00000-54540-00000,ST SN BARR UNFRM LNDR,2019,1,"2,744",01/24/2019,API,1,614629,,448616,5921,0.63
44330,54540,00000,1100-40-44-443-4430-0000-00000-00000-54540-00000,ST SN PLOW UNFRM LNDR,2019,1,"2,744",01/24/2019,API,1,614629,,448623,5921,11.33
44332,54540,00000,1100-40-44-443-4432-0000-00000-00000-54540-00000,ST SN CROS UNFRM LNDR,2019,1,"2,744",01/24/2019,API,1,614629,,448623,5921,1.26
44333,54540,00000,1100-40-44-443-4433-0000-00000-00000-54540-00000,ST SN BARR UNFRM LNDR,2019,1,"2,744",01/24/2019,API,1,614629,,448623,5921,0.63
44330,54540,00000,1100-40-44-443-4430-0000-00000-00000-54540-00000,ST SN PLOW UNFRM LNDR,2019,1,"2,744",01/24/2019,API,1,614629,,448629,5921,11.33
44332,54540,00000,1100-40-44-443-4432-0000-00000-00000-54540-00000,ST SN CROS UNFRM LNDR,2019,1,"2,744",01/24/2019,API,1,614629,,448629,5921,1.26
44333,54540,00000,1100-40-44-443-4433-0000-00000-00000-54540-00000,ST SN BARR UNFRM LNDR,2019,1,"2,744",01/24/2019,API,1,614629,,448629,5921,0.63
44330,53215,00000,1100-40-44-443-4430-0000-00000-00000-53215-00000,ST SN PLOW JANTOR SUP,2019,1,"2,744",01/24/2019,API,1,616314,,448624,5921,9.10
44332,53215,00000,1100-40-44-443-4432-0000-00000-00000-53215-00000,ST SN CROS JANTOR SUP,2019,1,"2,744",01/24/2019,API,1,616314,,448624,5921,1.01
44333,53215,00000,1100-40-44-443-4433-0000-00000-00000-53215-00000,ST SN BARR JANTOR SUP,2019,1,"2,744",01/24/2019,API,1,616314,,448624,5921,0.51
44330,53210,00000,1100-40-44-443-4430-0000-00000-00000-53210-00000,ST SN PLOW WRK SUP,2019,1,"2,744",01/24/2019,API,1,700065,,448627,5921,94.37
44332,53210,00000,1100-40-44-443-4432-0000-00000-00000-53210-00000,ST SN CROS WRK SUP,2019,1,"2,744",01/24/2019,API,1,700065,,448627,5921,10.49
44333,53210,00000,1100-40-44-443-4433-0000-00000-00000-53210-00000,ST SN BARR WRK SUP,2019,1,"2,744",01/24/2019,API,1,700065,,448627,5921,5.24
44330,53210,00000,1100-40-44-443-4430-0000-00000-00000-53210-00000,ST SN PLOW WRK SUP,2019,1,"2,744",01/24/2019,API,1,700075,,448628,5921,37.80
44332,53210,00000,1100-40-44-443-4432-0000-00000-00000-53210-00000,ST SN CROS WRK SUP,2019,1,"2,744",01/24/2019,API,1,700075,,448628,5921,4.20
44333,53210,00000,1100-40-44-443-4433-0000-00000-00000-53210-00000,ST SN BARR WRK SUP,2019,1,"2,744",01/24/2019,API,1,700075,,448628,5921,2.10
44330,54220,00000,1100-40-44-443-4430-0000-00000-00000-54220-00000,ST SN PLOW PEST CNTRL,2019,1,"2,744",01/24/2019,API,1,700185,,448621,5921,2.68
44332,54220,00000,1100-40-44-443-4432-0000-00000-00000-54220-00000,ST SN CROS PEST CNTRL,2019,1,"2,744",01/24/2019,API,1,700185,,448621,5921,0.30
44333,54220,00000,1100-40-44-443-4433-0000-00000-00000-54220-00000,ST SN BARR PEST CNTRL,2019,1,"2,744",01/24/2019,API,1,700185,,448621,5921,0.15
44334,53210,00000,1100-40-44-443-4434-0000-00000-00000-53210-00000,ST SN MISC WRK SUP,2019,1,"2,744",01/24/2019,API,1,700243,,448618,5921,116.76
44334,54810,00000,1100-40-44-443-4434-0000-00000-00000-54810-00000,ST SN MISC OTHR EXP,2019,1,"2,744",01/24/2019,API,1,700243,,448619,5921,-520.35
44334,53210,00000,1100-40-44-443-4434-0000-00000-00000-53210-00000,ST SN MISC WRK SUP,2019,1,"2,744",01/24/2019,API,1,700243,,448630,5921,404.67
44330,53210,00000,1100-40-44-443-4430-0000-00000-00000-53210-00000,ST SN PLOW WRK SUP,2019,1,"2,744",01/24/2019,API,1,700265,,448631,5921,83.99
44332,53210,00000,1100-40-44-443-4432-0000-00000-00000-53210-00000,ST SN CROS WRK SUP,2019,1,"2,744",01/24/2019,API,1,700265,,448631,5921,9.33
44333,53210,00000,1100-40-44-443-4433-0000-00000-00000-53210-00000,ST SN BARR WRK SUP,2019,1,"2,744",01/24/2019,API,1,700265,,448631,5921,4.67
44330,53210,00000,1100-40-44-443-4430-0000-00000-00000-53210-00000,ST SN PLOW WRK SUP,2019,1,"2,744",01/24/2019,API,1,700376,,448615,5921,101.46
44332,53210,00000,1100-40-44-443-4432-0000-00000-00000-53210-00000,ST SN CROS WRK SUP,2019,1,"2,744",01/24/2019,API,1,700376,,448615,5921,11.27
44333,53210,00000,1100-40-44-443-4433-0000-00000-00000-53210-00000,ST SN BARR WRK SUP,2019,1,"2,744",01/24/2019,API,1,700376,,448615,5921,5.64
44330,54330,00000,1100-40-44-443-4430-0000-00000-00000-54330-00000,ST SN PLOW EQUIP IMP,2019,1,"2,744",01/24/2019,API,1,703239,,448614,5921,160.00
44330,54210,00000,1100-40-44-443-4430-0000-00000-00000-54210-00000,ST SN PLOW BUILD IMPR,2019,1,"2,744",01/24/2019,API,1,703239,,448620,5921,128.70
44332,54210,00000,1100-40-44-443-4432-0000-00000-00000-54210-00000,ST SN CROS BUILD IMPR,2019,1,"2,744",01/24/2019,API,1,703239,,448620,5921,14.30
44333,54210,00000,1100-40-44-443-4433-0000-00000-00000-54210-00000,ST SN BARR BUILD IMPR,2019,1,"2,744",01/24/2019,API,1,703239,,448620,5921,7.15
44301,54115,00000,1100-40-44-443-4401-0000-00000-00000-54115-00000,SW ADM STORMWATER,2019,1,"2,721",01/31/2019,API,1,065037,,448369,5876,29.98
44301,54113,00000,1100-40-44-443-4401-0000-00000-00000-54113-00000,SW ADM WATER,2019,1,"2,721",01/31/2019,API,1,065037,,448331,5876,364.66
44301,53110,00000,1100-40-44-443-4401-0000-00000-00000-53110-00000,SW ADM OFFICE SUP,2019,1,"2,684",01/24/2019,API,1,700129,,448170,5831,2.40
44330,53210,00000,1100-40-44-443-4430-0000-00000-00000-53210-00000,ST SN PLOW WRK SUP,2019,1,"2,684",01/24/2019,API,1,700129,,448232,5831,26.78
44332,53210,00000,1100-40-44-443-4432-0000-00000-00000-53210-00000,ST SN CROS WRK SUP,2019,1,"2,684",01/24/2019,API,1,700129,,448232,5831,2.98
44333,53210,00000,1100-40-44-443-4433-0000-00000-00000-53210-00000,ST SN BARR WRK SUP,2019,1,"2,684",01/24/2019,API,1,700129,,448232,5831,1.49
44301,53245,00000,1100-40-44-443-4401-0000-00000-00000-53245-00000,SW ADM UNIFRM SUP,2019,1,"2,684",01/24/2019,API,1,700140,,448192,5831,2.50
44330,53245,00000,1100-40-44-443-4430-0000-00000-00000-53245-00000,ST SN PLOW UNIFRM SUP,2019,1,"2,684",01/24/2019,API,1,700140,,448192,5831,16.24
44331,53245,00000,1100-40-44-443-4431-0000-00000-00000-53245-00000,ST SN REMV UNIFRM SUP,2019,1,"2,684",01/24/2019,API,1,700140,,448192,5831,1.25
44332,53245,00000,1100-40-44-443-4432-0000-00000-00000-53245-00000,ST SN CROS UNIFRM SUP,2019,1,"2,684",01/24/2019,API,1,700140,,448192,5831,2.50
44333,53245,00000,1100-40-44-443-4433-0000-00000-00000-53245-00000,ST SN BARR UNIFRM SUP,2019,1,"2,684",01/24/2019,API,1,700140,,448192,5831,2.50
44301,53245,00000,1100-40-44-443-4401-0000-00000-00000-53245-00000,SW ADM UNIFRM SUP,2019,1,"2,684",01/24/2019,API,1,700140,,448234,5831,1.00
44330,53245,00000,1100-40-44-443-4430-0000-00000-00000-53245-00000,ST SN PLOW UNIFRM SUP,2019,1,"2,684",01/24/2019,API,1,700140,,448234,5831,6.50
44331,53245,00000,1100-40-44-443-4431-0000-00000-00000-53245-00000,ST SN REMV UNIFRM SUP,2019,1,"2,684",01/24/2019,API,1,700140,,448234,5831,0.50
44332,53245,00000,1100-40-44-443-4432-0000-00000-00000-53245-00000,ST SN CROS UNIFRM SUP,2019,1,"2,684",01/24/2019,API,1,700140,,448234,5831,1.00
44333,53245,00000,1100-40-44-443-4433-0000-00000-00000-53245-00000,ST SN BARR UNIFRM SUP,2019,1,"2,684",01/24/2019,API,1,700140,,448234,5831,1.00
44330,54810,00000,1100-40-44-443-4430-0000-00000-00000-54810-00000,ST SN PLOW OTHR EXP,2019,1,"2,684",01/24/2019,API,1,700172,,448167,5831,72.55
44301,53245,00000,1100-40-44-443-4401-0000-00000-00000-53245-00000,SW ADM UNIFRM SUP,2019,1,"2,684",01/24/2019,API,1,700515,,448171,5831,2.38
44330,53245,00000,1100-40-44-443-4430-0000-00000-00000-53245-00000,ST SN PLOW UNIFRM SUP,2019,1,"2,684",01/24/2019,API,1,700515,,448171,5831,15.47
44331,53245,00000,1100-40-44-443-4431-0000-00000-00000-53245-00000,ST SN REMV UNIFRM SUP,2019,1,"2,684",01/24/2019,API,1,700515,,448171,5831,1.19
44332,53245,00000,1100-40-44-443-4432-0000-00000-00000-53245-00000,ST SN CROS UNIFRM SUP,2019,1,"2,684",01/24/2019,API,1,700515,,448171,5831,2.38
44333,53245,00000,1100-40-44-443-4433-0000-00000-00000-53245-00000,ST SN BARR UNIFRM SUP,2019,1,"2,684",01/24/2019,API,1,700515,,448171,5831,2.38
44330,53230,00000,1100-40-44-443-4430-0000-00000-00000-53230-00000,ST SN PLOW MEDCAL SUP,2019,1,"2,684",01/24/2019,API,1,700611,,448199,5831,104.65
44332,53230,00000,1100-40-44-443-4432-0000-00000-00000-53230-00000,ST SN CROS MEDCAL SUP,2019,1,"2,684",01/24/2019,API,1,700611,,448199,5831,11.63
44333,53230,00000,1100-40-44-443-4433-0000-00000-00000-53230-00000,ST SN BARR MEDCAL SUP,2019,1,"2,684",01/24/2019,API,1,700611,,448199,5831,5.81
44301,53245,00000,1100-40-44-443-4401-0000-00000-00000-53245-00000,SW ADM UNIFRM SUP,2019,1,"2,684",01/24/2019,API,1,704266,,448235,5831,4.53
44330,53245,00000,1100-40-44-443-4430-0000-00000-00000-53245-00000,ST SN PLOW UNIFRM SUP,2019,1,"2,684",01/24/2019,API,1,704266,,448235,5831,29.47
44331,53245,00000,1100-40-44-443-4431-0000-00000-00000-53245-00000,ST SN REMV UNIFRM SUP,2019,1,"2,684",01/24/2019,API,1,704266,,448235,5831,2.27
44332,53245,00000,1100-40-44-443-4432-0000-00000-00000-53245-00000,ST SN CROS UNIFRM SUP,2019,1,"2,684",01/24/2019,API,1,704266,,448235,5831,4.53
44333,53245,00000,1100-40-44-443-4433-0000-00000-00000-53245-00000,ST SN BARR UNIFRM SUP,2019,1,"2,684",01/24/2019,API,1,704266,,448235,5831,4.53
44301,53110,00000,1100-40-44-443-4401-0000-00000-00000-53110-00000,SW ADM OFFICE SUP,2019,1,"2,684",01/24/2019,API,1,708667,,448211,5831,58.58
44301,52410,00000,1100-40-44-443-4401-0000-00000-00000-52410-00000,SW ADM HLTH INS B,2019,1,"2,662",01/01/2019,GNI,1,PPHLTH,,,PP HLTH IN,"5,871.64"
44330,52410,00000,1100-40-44-443-4430-0000-00000-00000-52410-00000,ST SN PLOW HLTH INS B,2019,1,"2,662",01/01/2019,GNI,1,PPHLTH,,,PP HLTH IN,"23,606.51"
44330,52410,00000,1100-40-44-443-4430-0000-00000-00000-52410-00000,ST SN PLOW HLTH INS B,2019,1,"2,662",01/01/2019,GNI,1,PPHLTH,,,PP HLTH IN,210.08
44330,52410,00000,1100-40-44-443-4430-0000-00000-00000-52410-00000,ST SN PLOW HLTH INS B,2019,1,"2,662",01/01/2019,GNI,1,PPHLTH,,,PP HLTH IN,-210.08
44331,52410,00000,1100-40-44-443-4431-0000-00000-00000-52410-00000,ST SN REMV HLTH INS B,2019,1,"2,662",01/01/2019,GNI,1,PPHLTH,,,PP HLTH IN,144.65
44332,52410,00000,1100-40-44-443-4432-0000-00000-00000-52410-00000,ST SN CROS HLTH INS B,2019,1,"2,662",01/01/2019,GNI,1,PPHLTH,,,PP HLTH IN,596.18
44333,52410,00000,1100-40-44-443-4433-0000-00000-00000-52410-00000,ST SN BARR HLTH INS B,2019,1,"2,662",01/01/2019,GNI,1,PPHLTH,,,PP HLTH IN,350.49
44301,54112,00000,1100-40-44-443-4401-0000-00000-00000-54112-00000,SW ADM ELECTRICIT,2019,1,"2,650",01/17/2019,API,1,083279,,445004,5771,"1,852.80"
44301,54110,00000,1100-40-44-443-4401-0000-00000-00000-54110-00000,SW ADM NATRAL GAS,2019,1,"2,650",01/17/2019,API,1,083279,,445013,5771,"1,876.52"
44330,53210,00000,1100-40-44-443-4430-0000-00000-00000-53210-00000,ST SN PLOW WRK SUP,2019,1,"2,607",01/24/2019,API,1,120899,,444865,5742,11.29
44332,53210,00000,1100-40-44-443-4432-0000-00000-00000-53210-00000,ST SN CROS WRK SUP,2019,1,"2,607",01/24/2019,API,1,120899,,444865,5742,1.25
44333,53210,00000,1100-40-44-443-4433-0000-00000-00000-53210-00000,ST SN BARR WRK SUP,2019,1,"2,607",01/24/2019,API,1,120899,,444865,5742,0.63
44330,54330,00000,1100-40-44-443-4430-0000-00000-00000-54330-00000,ST SN PLOW EQUIP IMP,2019,1,"2,607",01/24/2019,API,1,180497,,444822,5742,319.83
44332,54330,00000,1100-40-44-443-4432-0000-00000-00000-54330-00000,ST SN CROS EQUIP IMP,2019,1,"2,607",01/24/2019,API,1,180497,,444822,5742,35.54
44333,54330,00000,1100-40-44-443-4433-0000-00000-00000-54330-00000,ST SN BARR EQUIP IMP,2019,1,"2,607",01/24/2019,API,1,180497,,444822,5742,17.77
44330,54540,00000,1100-40-44-443-4430-0000-00000-00000-54540-00000,ST SN PLOW UNFRM LNDR,2019,1,"2,607",01/24/2019,API,1,614629,,444821,5742,20.84
44332,54540,00000,1100-40-44-443-4432-0000-00000-00000-54540-00000,ST SN CROS UNFRM LNDR,2019,1,"2,607",01/24/2019,API,1,614629,,444821,5742,2.32
44333,54540,00000,1100-40-44-443-4433-0000-00000-00000-54540-00000,ST SN BARR UNFRM LNDR,2019,1,"2,607",01/24/2019,API,1,614629,,444821,5742,1.16
44330,54540,00000,1100-40-44-443-4430-0000-00000-00000-54540-00000,ST SN PLOW UNFRM LNDR,2019,1,"2,607",01/24/2019,API,1,614629,,444835,5742,20.84
44332,54540,00000,1100-40-44-443-4432-0000-00000-00000-54540-00000,ST SN CROS UNFRM LNDR,2019,1,"2,607",01/24/2019,API,1,614629,,444835,5742,2.32
44333,54540,00000,1100-40-44-443-4433-0000-00000-00000-54540-00000,ST SN BARR UNFRM LNDR,2019,1,"2,607",01/24/2019,API,1,614629,,444835,5742,1.16
44330,54540,00000,1100-40-44-443-4430-0000-00000-00000-54540-00000,ST SN PLOW UNFRM LNDR,2019,1,"2,607",01/24/2019,API,1,614629,,444852,5742,20.84
44332,54540,00000,1100-40-44-443-4432-0000-00000-00000-54540-00000,ST SN CROS UNFRM LNDR,2019,1,"2,607",01/24/2019,API,1,614629,,444852,5742,2.32
44333,54540,00000,1100-40-44-443-4433-0000-00000-00000-54540-00000,ST SN BARR UNFRM LNDR,2019,1,"2,607",01/24/2019,API,1,614629,,444852,5742,1.16
44330,54540,00000,1100-40-44-443-4430-0000-00000-00000-54540-00000,ST SN PLOW UNFRM LNDR,2019,1,"2,607",01/24/2019,API,1,614629,,444869,5742,20.84
44332,54540,00000,1100-40-44-443-4432-0000-00000-00000-54540-00000,ST SN CROS UNFRM LNDR,2019,1,"2,607",01/24/2019,API,1,614629,,444869,5742,2.32
44333,54540,00000,1100-40-44-443-4433-0000-00000-00000-54540-00000,ST SN BARR UNFRM LNDR,2019,1,"2,607",01/24/2019,API,1,614629,,444869,5742,1.16
44330,53210,00000,1100-40-44-443-4430-0000-00000-00000-53210-00000,ST SN PLOW WRK SUP,2019,1,"2,607",01/24/2019,API,1,700065,,444870,5742,104.38
44332,53210,00000,1100-40-44-443-4432-0000-00000-00000-53210-00000,ST SN CROS WRK SUP,2019,1,"2,607",01/24/2019,API,1,700065,,444870,5742,11.60
44333,53210,00000,1100-40-44-443-4433-0000-00000-00000-53210-00000,ST SN BARR WRK SUP,2019,1,"2,607",01/24/2019,API,1,700065,,444870,5742,5.80
44330,53210,00000,1100-40-44-443-4430-0000-00000-00000-53210-00000,ST SN PLOW WRK SUP,2019,1,"2,607",01/24/2019,API,1,700065,,444871,5742,3.77
44332,53210,00000,1100-40-44-443-4432-0000-00000-00000-53210-00000,ST SN CROS WRK SUP,2019,1,"2,607",01/24/2019,API,1,700065,,444871,5742,0.42
44333,53210,00000,1100-40-44-443-4433-0000-00000-00000-53210-00000,ST SN BARR WRK SUP,2019,1,"2,607",01/24/2019,API,1,700065,,444871,5742,0.21
44330,54330,00000,1100-40-44-443-4430-0000-00000-00000-54330-00000,ST SN PLOW EQUIP IMP,2019,1,"2,607",01/24/2019,API,1,700124,,444831,5742,266.80
44330,53210,00000,1100-40-44-443-4430-0000-00000-00000-53210-00000,ST SN PLOW WRK SUP,2019,1,"2,607",01/24/2019,API,1,700171,,444872,5742,40.35
44332,53210,00000,1100-40-44-443-4432-0000-00000-00000-53210-00000,ST SN CROS WRK SUP,2019,1,"2,607",01/24/2019,API,1,700171,,444872,5742,4.48
44333,53210,00000,1100-40-44-443-4433-0000-00000-00000-53210-00000,ST SN BARR WRK SUP,2019,1,"2,607",01/24/2019,API,1,700171,,444872,5742,2.24
44330,53210,00000,1100-40-44-443-4430-0000-00000-00000-53210-00000,ST SN PLOW WRK SUP,2019,1,"2,607",01/24/2019,API,1,700243,,444846,5742,70.09
44332,53210,00000,1100-40-44-443-4432-0000-00000-00000-53210-00000,ST SN CROS WRK SUP,2019,1,"2,607",01/24/2019,API,1,700243,,444846,5742,7.79
44333,53210,00000,1100-40-44-443-4433-0000-00000-00000-53210-00000,ST SN BARR WRK SUP,2019,1,"2,607",01/24/2019,API,1,700243,,444846,5742,3.89
44330,53210,00000,1100-40-44-443-4430-0000-00000-00000-53210-00000,ST SN PLOW WRK SUP,2019,1,"2,607",01/24/2019,API,1,700376,,444877,5742,108.43
44332,53210,00000,1100-40-44-443-4432-0000-00000-00000-53210-00000,ST SN CROS WRK SUP,2019,1,"2,607",01/24/2019,API,1,700376,,444877,5742,12.05
44333,53210,00000,1100-40-44-443-4433-0000-00000-00000-53210-00000,ST SN BARR WRK SUP,2019,1,"2,607",01/24/2019,API,1,700376,,444877,5742,6.02
44330,53210,00000,1100-40-44-443-4430-0000-00000-00000-53210-00000,ST SN PLOW WRK SUP,2019,1,"2,607",01/24/2019,API,1,700376,,444878,5742,15.91
44332,53210,00000,1100-40-44-443-4432-0000-00000-00000-53210-00000,ST SN CROS WRK SUP,2019,1,"2,607",01/24/2019,API,1,700376,,444878,5742,1.77
44333,53210,00000,1100-40-44-443-4433-0000-00000-00000-53210-00000,ST SN BARR WRK SUP,2019,1,"2,607",01/24/2019,API,1,700376,,444878,5742,0.88
44330,53210,00000,1100-40-44-443-4430-0000-00000-00000-53210-00000,ST SN PLOW WRK SUP,2019,1,"2,607",01/24/2019,API,1,700484,,444880,5742,110.39
44332,53210,00000,1100-40-44-443-4432-0000-00000-00000-53210-00000,ST SN CROS WRK SUP,2019,1,"2,607",01/24/2019,API,1,700484,,444880,5742,12.27
44333,53210,00000,1100-40-44-443-4433-0000-00000-00000-53210-00000,ST SN BARR WRK SUP,2019,1,"2,607",01/24/2019,API,1,700484,,444880,5742,6.13
44301,54112,00000,1100-40-44-443-4401-0000-00000-00000-54112-00000,SW ADM ELECTRICIT,2019,1,"2,566",01/15/2019,API,1,052829,,444600,5704,14.42
44330,53210,00000,1100-40-44-443-4430-0000-00000-00000-53210-00000,ST SN PLOW WRK SUP,2019,1,"2,546",01/24/2019,API,1,050005,,444335,5671,31.43
44332,53210,00000,1100-40-44-443-4432-0000-00000-00000-53210-00000,ST SN CROS WRK SUP,2019,1,"2,546",01/24/2019,API,1,050005,,444335,5671,3.49
44333,53210,00000,1100-40-44-443-4433-0000-00000-00000-53210-00000,ST SN BARR WRK SUP,2019,1,"2,546",01/24/2019,API,1,050005,,444335,5671,1.75
44330,53315,00000,1100-40-44-443-4430-0000-00000-00000-53315-00000,ST SN PLOW BUILD SUP,2019,1,"2,546",01/24/2019,API,1,602158,,444323,5671,20.52
44332,53315,00000,1100-40-44-443-4432-0000-00000-00000-53315-00000,ST SN CROS BUILD SUP,2019,1,"2,546",01/24/2019,API,1,602158,,444323,5671,2.28
44333,53315,00000,1100-40-44-443-4433-0000-00000-00000-53315-00000,ST SN BARR BUILD SUP,2019,1,"2,546",01/24/2019,API,1,602158,,444323,5671,1.14
44330,53315,00000,1100-40-44-443-4430-0000-00000-00000-53315-00000,ST SN PLOW BUILD SUP,2019,1,"2,546",01/24/2019,API,1,603921,,444314,5671,64.43
44332,53315,00000,1100-40-44-443-4432-0000-00000-00000-53315-00000,ST SN CROS BUILD SUP,2019,1,"2,546",01/24/2019,API,1,603921,,444314,5671,7.16
44333,53315,00000,1100-40-44-443-4433-0000-00000-00000-53315-00000,ST SN BARR BUILD SUP,2019,1,"2,546",01/24/2019,API,1,603921,,444314,5671,3.58
44330,53315,00000,1100-40-44-443-4430-0000-00000-00000-53315-00000,ST SN PLOW BUILD SUP,2019,1,"2,546",01/24/2019,API,1,603921,,444352,5671,116.30
44332,53315,00000,1100-40-44-443-4432-0000-00000-00000-53315-00000,ST SN CROS BUILD SUP,2019,1,"2,546",01/24/2019,API,1,603921,,444352,5671,12.92
44333,53315,00000,1100-40-44-443-4433-0000-00000-00000-53315-00000,ST SN BARR BUILD SUP,2019,1,"2,546",01/24/2019,API,1,603921,,444352,5671,6.46
44330,53210,00000,1100-40-44-443-4430-0000-00000-00000-53210-00000,ST SN PLOW WRK SUP,2019,1,"2,546",01/24/2019,API,1,605881,,444324,5671,65.05
44332,53210,00000,1100-40-44-443-4432-0000-00000-00000-53210-00000,ST SN CROS WRK SUP,2019,1,"2,546",01/24/2019,API,1,605881,,444324,5671,7.23
44333,53210,00000,1100-40-44-443-4433-0000-00000-00000-53210-00000,ST SN BARR WRK SUP,2019,1,"2,546",01/24/2019,API,1,605881,,444324,5671,3.61
44330,54220,00000,1100-40-44-443-4430-0000-00000-00000-54220-00000,ST SN PLOW PEST CNTRL,2019,1,"2,546",01/24/2019,API,1,611393,,444265,5671,13.14
44332,54220,00000,1100-40-44-443-4432-0000-00000-00000-54220-00000,ST SN CROS PEST CNTRL,2019,1,"2,546",01/24/2019,API,1,611393,,444265,5671,1.46
44333,54220,00000,1100-40-44-443-4433-0000-00000-00000-54220-00000,ST SN BARR PEST CNTRL,2019,1,"2,546",01/24/2019,API,1,611393,,444265,5671,0.73
44330,54210,00000,1100-40-44-443-4430-0000-00000-00000-54210-00000,ST SN PLOW BUILD IMPR,2019,1,"2,546",01/24/2019,API,1,612001,,444277,5671,8.84
44332,54210,00000,1100-40-44-443-4432-0000-00000-00000-54210-00000,ST SN CROS BUILD IMPR,2019,1,"2,546",01/24/2019,API,1,612001,,444277,5671,0.98
44333,54210,00000,1100-40-44-443-4433-0000-00000-00000-54210-00000,ST SN BARR BUILD IMPR,2019,1,"2,546",01/24/2019,API,1,612001,,444277,5671,0.49
44330,53210,00000,1100-40-44-443-4430-0000-00000-00000-53210-00000,ST SN PLOW WRK SUP,2019,1,"2,546",01/24/2019,API,1,700075,,444337,5671,421.80
44332,53210,00000,1100-40-44-443-4432-0000-00000-00000-53210-00000,ST SN CROS WRK SUP,2019,1,"2,546",01/24/2019,API,1,700075,,444337,5671,46.87
44333,53210,00000,1100-40-44-443-4433-0000-00000-00000-53210-00000,ST SN BARR WRK SUP,2019,1,"2,546",01/24/2019,API,1,700075,,444337,5671,23.43
44330,53210,00000,1100-40-44-443-4430-0000-00000-00000-53210-00000,ST SN PLOW WRK SUP,2019,1,"2,546",01/24/2019,API,1,700121,,444353,5671,148.50
44332,53210,00000,1100-40-44-443-4432-0000-00000-00000-53210-00000,ST SN CROS WRK SUP,2019,1,"2,546",01/24/2019,API,1,700121,,444353,5671,16.50
44333,53210,00000,1100-40-44-443-4433-0000-00000-00000-53210-00000,ST SN BARR WRK SUP,2019,1,"2,546",01/24/2019,API,1,700121,,444353,5671,8.25
44301,54810,00000,1100-40-44-443-4401-0000-00000-00000-54810-00000,SW ADM OTHR EXP,2019,1,"2,546",01/24/2019,API,1,700172,,444258,5671,72.55
44301,53110,00000,1100-40-44-443-4401-0000-00000-00000-53110-00000,SW ADM OFFICE SUP,2019,1,"2,546",01/24/2019,API,1,700187,,444387,5671,45.18
44301,53245,00000,1100-40-44-443-4401-0000-00000-00000-53245-00000,SW ADM UNIFRM SUP,2019,1,"2,546",01/24/2019,API,1,700515,,444302,5671,14.04
44330,53245,00000,1100-40-44-443-4430-0000-00000-00000-53245-00000,ST SN PLOW UNIFRM SUP,2019,1,"2,546",01/24/2019,API,1,700515,,444302,5671,91.26
44331,53245,00000,1100-40-44-443-4431-0000-00000-00000-53245-00000,ST SN REMV UNIFRM SUP,2019,1,"2,546",01/24/2019,API,1,700515,,444302,5671,7.02
44332,53245,00000,1100-40-44-443-4432-0000-00000-00000-53245-00000,ST SN CROS UNIFRM SUP,2019,1,"2,546",01/24/2019,API,1,700515,,444302,5671,14.04
44333,53245,00000,1100-40-44-443-4433-0000-00000-00000-53245-00000,ST SN BARR UNIFRM SUP,2019,1,"2,546",01/24/2019,API,1,700515,,444302,5671,14.04
44301,53245,00000,1100-40-44-443-4401-0000-00000-00000-53245-00000,SW ADM UNIFRM SUP,2019,1,"2,546",01/24/2019,API,1,700515,,444408,5671,4.46
44330,53245,00000,1100-40-44-443-4430-0000-00000-00000-53245-00000,ST SN PLOW UNIFRM SUP,2019,1,"2,546",01/24/2019,API,1,700515,,444408,5671,28.99
44331,53245,00000,1100-40-44-443-4431-0000-00000-00000-53245-00000,ST SN REMV UNIFRM SUP,2019,1,"2,546",01/24/2019,API,1,700515,,444408,5671,2.23
44332,53245,00000,1100-40-44-443-4432-0000-00000-00000-53245-00000,ST SN CROS UNIFRM SUP,2019,1,"2,546",01/24/2019,API,1,700515,,444408,5671,4.46
44333,53245,00000,1100-40-44-443-4433-0000-00000-00000-53245-00000,ST SN BARR UNIFRM SUP,2019,1,"2,546",01/24/2019,API,1,700515,,444408,5671,4.46
44330,53315,00000,1100-40-44-443-4430-0000-00000-00000-53315-00000,ST SN PLOW BUILD SUP,2019,1,"2,546",01/24/2019,API,1,702780,,444336,5671,11.77
44332,53315,00000,1100-40-44-443-4432-0000-00000-00000-53315-00000,ST SN CROS BUILD SUP,2019,1,"2,546",01/24/2019,API,1,702780,,444336,5671,1.31
44333,53315,00000,1100-40-44-443-4433-0000-00000-00000-53315-00000,ST SN BARR BUILD SUP,2019,1,"2,546",01/24/2019,API,1,702780,,444336,5671,0.65
44330,53210,00000,1100-40-44-443-4430-0000-00000-00000-53210-00000,ST SN PLOW WRK SUP,2019,1,"2,546",01/24/2019,API,1,704712,,444351,5671,80.82
44332,53210,00000,1100-40-44-443-4432-0000-00000-00000-53210-00000,ST SN CROS WRK SUP,2019,1,"2,546",01/24/2019,API,1,704712,,444351,5671,8.98
44333,53210,00000,1100-40-44-443-4433-0000-00000-00000-53210-00000,ST SN BARR WRK SUP,2019,1,"2,546",01/24/2019,API,1,704712,,444351,5671,4.49
44301,53110,00000,1100-40-44-443-4401-0000-00000-00000-53110-00000,SW ADM OFFICE SUP,2019,1,"2,546",01/24/2019,API,1,707448,,444255,5671,5.62
44301,53110,00000,1100-40-44-443-4401-0000-00000-00000-53110-00000,SW ADM OFFICE SUP,2019,1,"2,546",01/24/2019,API,1,707448,,444275,5671,0.69
44301,53110,00000,1100-40-44-443-4401-0000-00000-00000-53110-00000,SW ADM OFFICE SUP,2019,1,"2,546",01/24/2019,API,1,707448,,444332,5671,34.15
44301,53110,00000,1100-40-44-443-4401-0000-00000-00000-53110-00000,SW ADM OFFICE SUP,2019,1,"2,546",01/24/2019,API,1,707448,,444366,5671,5.40
44301,54121,00000,1100-40-44-443-4401-0000-00000-00000-54121-00000,SW ADM CELL PHONE,2019,1,"2,523",01/24/2019,API,1,601212,,444019,5607,111.64
44301,54120,00000,1100-40-44-443-4401-0000-00000-00000-54120-00000,SW ADM TELEPHONE,2019,1,"2,523",01/24/2019,API,1,706985,,443972,5607,17.02
44330,52110,00000,1100-40-44-443-4430-0000-00000-00000-52110-00000,ST SN PLOW COMP ESCRW,2019,1,"2,346",01/25/2019,API,1,700362,,443779,5583,"34,363.73"
44301,54120,00000,1100-40-44-443-4401-0000-00000-00000-54120-00000,SW ADM TELEPHONE,2019,1,"2,259",01/16/2019,API,1,614885,,443527,5504,0.52
44330,54260,00000,1100-40-44-443-4430-0000-00000-00000-54260-00000,ST SN PLOW SNOW REMVL,2019,1,"2,115",01/28/2019,API,1,706650,19000203,441351,5463,"4,857.00"
44330,54260,00000,1100-40-44-443-4430-0000-00000-00000-54260-00000,ST SN PLOW SNOW REMVL,2019,1,"2,115",01/28/2019,API,1,706650,19000203,441352,5463,"4,244.00"
44330,54260,00000,1100-40-44-443-4430-0000-00000-00000-54260-00000,ST SN PLOW SNOW REMVL,2019,1,"2,115",01/28/2019,API,1,706650,19000203,441353,5463,"4,726.25"
44330,54260,00000,1100-40-44-443-4430-0000-00000-00000-54260-00000,ST SN PLOW SNOW REMVL,2019,1,"2,106",01/28/2019,API,1,166033,19000189,441344,5463,"6,090.00"
44330,54260,00000,1100-40-44-443-4430-0000-00000-00000-54260-00000,ST SN PLOW SNOW REMVL,2019,1,"2,106",01/28/2019,API,1,600884,19000190,441343,5463,"5,353.50"
44330,54260,00000,1100-40-44-443-4430-0000-00000-00000-54260-00000,ST SN PLOW SNOW REMVL,2019,1,"2,106",01/28/2019,API,1,166033,19000189,441340,5463,"3,219.00"
44330,54260,00000,1100-40-44-443-4430-0000-00000-00000-54260-00000,ST SN PLOW SNOW REMVL,2019,1,"2,106",01/28/2019,API,1,600884,19000190,441337,5463,"4,888.50"
44330,54260,00000,1100-40-44-443-4430-0000-00000-00000-54260-00000,ST SN PLOW SNOW REMVL,2019,1,"2,000",01/26/2019,API,1,608459,19000202,441232,5432,"11,830.00"
44330,54260,00000,1100-40-44-443-4430-0000-00000-00000-54260-00000,ST SN PLOW SNOW REMVL,2019,1,"2,000",01/26/2019,API,1,609424,19000196,441233,5432,"11,595.00"
44330,54260,00000,1100-40-44-443-4430-0000-00000-00000-54260-00000,ST SN PLOW SNOW REMVL,2019,1,"2,000",01/26/2019,API,1,706650,19000203,441228,5432,"3,165.75"
44330,54260,00000,1100-40-44-443-4430-0000-00000-00000-54260-00000,ST SN PLOW SNOW REMVL,2019,1,"2,000",01/26/2019,API,1,051755,19000187,441230,5432,89.50
44330,54260,00000,1100-40-44-443-4430-0000-00000-00000-54260-00000,ST SN PLOW SNOW REMVL,2019,1,"2,000",01/26/2019,API,1,051755,19000187,441234,5432,"5,930.50"
44330,54260,00000,1100-40-44-443-4430-0000-00000-00000-54260-00000,ST SN PLOW SNOW REMVL,2019,1,"2,000",01/26/2019,API,1,051755,19000187,441236,5432,"7,072.00"
44330,54260,00000,1100-40-44-443-4430-0000-00000-00000-54260-00000,ST SN PLOW SNOW REMVL,2019,1,"2,000",01/26/2019,API,1,191460,19000186,441231,5432,"1,272.00"
44330,54260,00000,1100-40-44-443-4430-0000-00000-00000-54260-00000,ST SN PLOW SNOW REMVL,2019,1,"2,000",01/26/2019,API,1,191460,19000186,441235,5432,"1,470.75"
44330,54260,00000,1100-40-44-443-4430-0000-00000-00000-54260-00000,ST SN PLOW SNOW REMVL,2019,1,"2,000",01/26/2019,API,1,600884,19000190,441229,5432,"3,270.00"
44333,52510,00000,1100-40-44-443-4433-0000-00000-00000-52510-00000,ST SN BARR WI RET SY,2019,1,"1,529",01/25/2019,PRJ,1,1902,11902,11902,PR1902,-21.51
44333,52610,00000,1100-40-44-443-4433-0000-00000-00000-52610-00000,ST SN BARR FICA MEDIC,2019,1,"1,529",01/25/2019,PRJ,1,1902,11902,11902,PR1902,-24.89
44301,51110,00000,1100-40-44-443-4401-0000-00000-00000-51110-00000,SW ADM PERM WAGES,2019,1,"1,529",01/25/2019,PRJ,1,1902,11902,11902,PR1902,"-1,487.57"
44301,51120,00000,1100-40-44-443-4401-0000-00000-00000-51120-00000,SW ADM PRMIUM PAY,2019,1,"1,529",01/25/2019,PRJ,1,1902,11902,11902,PR1902,-51.02
44301,51310,00000,1100-40-44-443-4401-0000-00000-00000-51310-00000,SW ADM OVRTM PERM,2019,1,"1,529",01/25/2019,PRJ,1,1902,11902,11902,PR1902,-859.13
44301,52410,00000,1100-40-44-443-4401-0000-00000-00000-52410-00000,SW ADM HLTH INS B,2019,1,"1,529",01/25/2019,PRJ,1,1902,11902,11902,PR1902,-28.98
44301,52413,00000,1100-40-44-443-4401-0000-00000-00000-52413-00000,SW ADM WAGE INS B,2019,1,"1,529",01/25/2019,PRJ,1,1902,11902,11902,PR1902,-15.28
44301,52510,00000,1100-40-44-443-4401-0000-00000-00000-52510-00000,SW ADM WI RET SY,2019,1,"1,529",01/25/2019,PRJ,1,1902,11902,11902,PR1902,-157.08
44301,52610,00000,1100-40-44-443-4401-0000-00000-00000-52610-00000,SW ADM FICA MEDIC,2019,1,"1,529",01/25/2019,PRJ,1,1902,11902,11902,PR1902,-178.88
44301,54121,00000,1100-40-44-443-4401-0000-00000-00000-54121-00000,SW ADM CELL PHONE,2019,1,"1,529",01/25/2019,PRJ,1,1902,11902,11902,PR1902,-0.40
44330,51110,00000,1100-40-44-443-4430-0000-00000-00000-51110-00000,ST SN PLOW PERM WAGES,2019,1,"1,529",01/25/2019,PRJ,1,1902,11902,11902,PR1902,"-8,467.82"
44330,51120,00000,1100-40-44-443-4430-0000-00000-00000-51120-00000,ST SN PLOW PRMIUM PAY,2019,1,"1,529",01/25/2019,PRJ,1,1902,11902,11902,PR1902,-164.72
44330,51130,00000,1100-40-44-443-4430-0000-00000-00000-51130-00000,ST SN PLOW WKR COMP W,2019,1,"1,529",01/25/2019,PRJ,1,1902,11902,11902,PR1902,-22.35
44330,51140,00000,1100-40-44-443-4430-0000-00000-00000-51140-00000,ST SN PLOW COMP ABSNC,2019,1,"1,529",01/25/2019,PRJ,1,1902,11902,11902,PR1902,-183.20
44330,51310,00000,1100-40-44-443-4430-0000-00000-00000-51310-00000,ST SN PLOW OVRTM PERM,2019,1,"1,529",01/25/2019,PRJ,1,1902,11902,11902,PR1902,"-5,914.94"
44330,52410,00000,1100-40-44-443-4430-0000-00000-00000-52410-00000,ST SN PLOW HLTH INS B,2019,1,"1,529",01/25/2019,PRJ,1,1902,11902,11902,PR1902,181.62
44330,52413,00000,1100-40-44-443-4430-0000-00000-00000-52413-00000,ST SN PLOW WAGE INS B,2019,1,"1,529",01/25/2019,PRJ,1,1902,11902,11902,PR1902,-71.49
44330,52510,00000,1100-40-44-443-4430-0000-00000-00000-52510-00000,ST SN PLOW WI RET SY,2019,1,"1,529",01/25/2019,PRJ,1,1902,11902,11902,PR1902,-952.25
44330,52610,00000,1100-40-44-443-4430-0000-00000-00000-52610-00000,ST SN PLOW FICA MEDIC,2019,1,"1,529",01/25/2019,PRJ,1,1902,11902,11902,PR1902,"-1,107.23"
44331,51110,00000,1100-40-44-443-4431-0000-00000-00000-51110-00000,ST SN REMV PERM WAGES,2019,1,"1,529",01/25/2019,PRJ,1,1902,11902,11902,PR1902,-0.04
44331,51140,00000,1100-40-44-443-4431-0000-00000-00000-51140-00000,ST SN REMV COMP ABSNC,2019,1,"1,529",01/25/2019,PRJ,1,1902,11902,11902,PR1902,-18.32
44331,51310,00000,1100-40-44-443-4431-0000-00000-00000-51310-00000,ST SN REMV OVRTM PERM,2019,1,"1,529",01/25/2019,PRJ,1,1902,11902,11902,PR1902,-3.57
44331,52510,00000,1100-40-44-443-4431-0000-00000-00000-52510-00000,ST SN REMV WI RET SY,2019,1,"1,529",01/25/2019,PRJ,1,1902,11902,11902,PR1902,-0.18
44331,52610,00000,1100-40-44-443-4431-0000-00000-00000-52610-00000,ST SN REMV FICA MEDIC,2019,1,"1,529",01/25/2019,PRJ,1,1902,11902,11902,PR1902,-1.68
44332,51110,00000,1100-40-44-443-4432-0000-00000-00000-51110-00000,ST SN CROS PERM WAGES,2019,1,"1,529",01/25/2019,PRJ,1,1902,11902,11902,PR1902,-19.07
44332,51120,00000,1100-40-44-443-4432-0000-00000-00000-51120-00000,ST SN CROS PRMIUM PAY,2019,1,"1,529",01/25/2019,PRJ,1,1902,11902,11902,PR1902,-6.45
44332,51140,00000,1100-40-44-443-4432-0000-00000-00000-51140-00000,ST SN CROS COMP ABSNC,2019,1,"1,529",01/25/2019,PRJ,1,1902,11902,11902,PR1902,-18.32
44332,51310,00000,1100-40-44-443-4432-0000-00000-00000-51310-00000,ST SN CROS OVRTM PERM,2019,1,"1,529",01/25/2019,PRJ,1,1902,11902,11902,PR1902,-316.26
44332,52413,00000,1100-40-44-443-4432-0000-00000-00000-52413-00000,ST SN CROS WAGE INS B,2019,1,"1,529",01/25/2019,PRJ,1,1902,11902,11902,PR1902,-0.25
44332,52510,00000,1100-40-44-443-4432-0000-00000-00000-52510-00000,ST SN CROS WI RET SY,2019,1,"1,529",01/25/2019,PRJ,1,1902,11902,11902,PR1902,-22.32
44332,52610,00000,1100-40-44-443-4432-0000-00000-00000-52610-00000,ST SN CROS FICA MEDIC,2019,1,"1,529",01/25/2019,PRJ,1,1902,11902,11902,PR1902,-26.91
44333,51110,00000,1100-40-44-443-4433-0000-00000-00000-51110-00000,ST SN BARR PERM WAGES,2019,1,"1,529",01/25/2019,PRJ,1,1902,11902,11902,PR1902,-328.42
44333,52413,00000,1100-40-44-443-4433-0000-00000-00000-52413-00000,ST SN BARR WAGE INS B,2019,1,"1,529",01/25/2019,PRJ,1,1902,11902,11902,PR1902,-2.21
44301,51110,00000,1100-40-44-443-4401-0000-00000-00000-51110-00000,SW ADM PERM WAGES,2019,1,"1,528",01/25/2019,PRJ,1,1902,11902,11902,PR1902,"14,875.69"
44301,51120,00000,1100-40-44-443-4401-0000-00000-00000-51120-00000,SW ADM PRMIUM PAY,2019,1,"1,528",01/25/2019,PRJ,1,1902,11902,11902,PR1902,510.15
44301,51310,00000,1100-40-44-443-4401-0000-00000-00000-51310-00000,SW ADM OVRTM PERM,2019,1,"1,528",01/25/2019,PRJ,1,1902,11902,11902,PR1902,"8,591.29"
44301,52410,00000,1100-40-44-443-4401-0000-00000-00000-52410-00000,SW ADM HLTH INS B,2019,1,"1,528",01/25/2019,PRJ,1,1902,11902,11902,PR1902,289.81
44301,52413,00000,1100-40-44-443-4401-0000-00000-00000-52413-00000,SW ADM WAGE INS B,2019,1,"1,528",01/25/2019,PRJ,1,1902,11902,11902,PR1902,152.82
44301,52510,00000,1100-40-44-443-4401-0000-00000-00000-52510-00000,SW ADM WI RET SY,2019,1,"1,528",01/25/2019,PRJ,1,1902,11902,11902,PR1902,"1,570.78"
44301,52610,00000,1100-40-44-443-4401-0000-00000-00000-52610-00000,SW ADM FICA MEDIC,2019,1,"1,528",01/25/2019,PRJ,1,1902,11902,11902,PR1902,"1,788.83"
44301,54121,00000,1100-40-44-443-4401-0000-00000-00000-54121-00000,SW ADM CELL PHONE,2019,1,"1,528",01/25/2019,PRJ,1,1902,11902,11902,PR1902,4.00
44330,51110,00000,1100-40-44-443-4430-0000-00000-00000-51110-00000,ST SN PLOW PERM WAGES,2019,1,"1,528",01/25/2019,PRJ,1,1902,11902,11902,PR1902,"84,678.18"
44330,51120,00000,1100-40-44-443-4430-0000-00000-00000-51120-00000,ST SN PLOW PRMIUM PAY,2019,1,"1,528",01/25/2019,PRJ,1,1902,11902,11902,PR1902,"1,647.22"
44330,51130,00000,1100-40-44-443-4430-0000-00000-00000-51130-00000,ST SN PLOW WKR COMP W,2019,1,"1,528",01/25/2019,PRJ,1,1902,11902,11902,PR1902,223.53
44330,51140,00000,1100-40-44-443-4430-0000-00000-00000-51140-00000,ST SN PLOW COMP ABSNC,2019,1,"1,528",01/25/2019,PRJ,1,1902,11902,11902,PR1902,"1,831.99"
44330,51310,00000,1100-40-44-443-4430-0000-00000-00000-51310-00000,ST SN PLOW OVRTM PERM,2019,1,"1,528",01/25/2019,PRJ,1,1902,11902,11902,PR1902,"59,149.44"
44330,52410,00000,1100-40-44-443-4430-0000-00000-00000-52410-00000,ST SN PLOW HLTH INS B,2019,1,"1,528",01/25/2019,PRJ,1,1902,11902,11902,PR1902,"-1,816.16"
44330,52413,00000,1100-40-44-443-4430-0000-00000-00000-52413-00000,ST SN PLOW WAGE INS B,2019,1,"1,528",01/25/2019,PRJ,1,1902,11902,11902,PR1902,714.88
44330,52510,00000,1100-40-44-443-4430-0000-00000-00000-52510-00000,ST SN PLOW WI RET SY,2019,1,"1,528",01/25/2019,PRJ,1,1902,11902,11902,PR1902,"9,522.48"
44330,52610,00000,1100-40-44-443-4430-0000-00000-00000-52610-00000,ST SN PLOW FICA MEDIC,2019,1,"1,528",01/25/2019,PRJ,1,1902,11902,11902,PR1902,"11,072.28"
44331,51110,00000,1100-40-44-443-4431-0000-00000-00000-51110-00000,ST SN REMV PERM WAGES,2019,1,"1,528",01/25/2019,PRJ,1,1902,11902,11902,PR1902,0.35
44331,51140,00000,1100-40-44-443-4431-0000-00000-00000-51140-00000,ST SN REMV COMP ABSNC,2019,1,"1,528",01/25/2019,PRJ,1,1902,11902,11902,PR1902,183.19
44331,51310,00000,1100-40-44-443-4431-0000-00000-00000-51310-00000,ST SN REMV OVRTM PERM,2019,1,"1,528",01/25/2019,PRJ,1,1902,11902,11902,PR1902,35.74
44331,52510,00000,1100-40-44-443-4431-0000-00000-00000-52510-00000,ST SN REMV WI RET SY,2019,1,"1,528",01/25/2019,PRJ,1,1902,11902,11902,PR1902,1.76
44331,52610,00000,1100-40-44-443-4431-0000-00000-00000-52610-00000,ST SN REMV FICA MEDIC,2019,1,"1,528",01/25/2019,PRJ,1,1902,11902,11902,PR1902,16.77
44332,51110,00000,1100-40-44-443-4432-0000-00000-00000-51110-00000,ST SN CROS PERM WAGES,2019,1,"1,528",01/25/2019,PRJ,1,1902,11902,11902,PR1902,190.65
44332,51120,00000,1100-40-44-443-4432-0000-00000-00000-51120-00000,ST SN CROS PRMIUM PAY,2019,1,"1,528",01/25/2019,PRJ,1,1902,11902,11902,PR1902,64.50
44332,51140,00000,1100-40-44-443-4432-0000-00000-00000-51140-00000,ST SN CROS COMP ABSNC,2019,1,"1,528",01/25/2019,PRJ,1,1902,11902,11902,PR1902,183.19
44332,51310,00000,1100-40-44-443-4432-0000-00000-00000-51310-00000,ST SN CROS OVRTM PERM,2019,1,"1,528",01/25/2019,PRJ,1,1902,11902,11902,PR1902,"3,162.61"
44332,52413,00000,1100-40-44-443-4432-0000-00000-00000-52413-00000,ST SN CROS WAGE INS B,2019,1,"1,528",01/25/2019,PRJ,1,1902,11902,11902,PR1902,2.50
44332,52510,00000,1100-40-44-443-4432-0000-00000-00000-52510-00000,ST SN CROS WI RET SY,2019,1,"1,528",01/25/2019,PRJ,1,1902,11902,11902,PR1902,223.24
44332,52610,00000,1100-40-44-443-4432-0000-00000-00000-52610-00000,ST SN CROS FICA MEDIC,2019,1,"1,528",01/25/2019,PRJ,1,1902,11902,11902,PR1902,269.06
44333,51110,00000,1100-40-44-443-4433-0000-00000-00000-51110-00000,ST SN BARR PERM WAGES,2019,1,"1,528",01/25/2019,PRJ,1,1902,11902,11902,PR1902,"3,284.23"
44333,52413,00000,1100-40-44-443-4433-0000-00000-00000-52413-00000,ST SN BARR WAGE INS B,2019,1,"1,528",01/25/2019,PRJ,1,1902,11902,11902,PR1902,22.07
44333,52510,00000,1100-40-44-443-4433-0000-00000-00000-52510-00000,ST SN BARR WI RET SY,2019,1,"1,528",01/25/2019,PRJ,1,1902,11902,11902,PR1902,215.12
44333,52610,00000,1100-40-44-443-4433-0000-00000-00000-52610-00000,ST SN BARR FICA MEDIC,2019,1,"1,528",01/25/2019,PRJ,1,1902,11902,11902,PR1902,248.83
44330,53240,00000,1100-40-44-443-4430-0000-00000-00000-53240-00000,ST SN PLOW SNOW SUP,2019,1,"1,117",01/15/2019,API,1,708461,19000161,437742,5167,"18,031.28"
44330,54260,00000,1100-40-44-443-4430-0000-00000-00000-54260-00000,ST SN PLOW SNOW REMVL,2019,1,868,01/12/2019,API,1,612744,19000188,436983,5087,"26,740.00"
44330,54260,00000,1100-40-44-443-4430-0000-00000-00000-54260-00000,ST SN PLOW SNOW REMVL,2019,1,863,01/12/2019,API,1,609424,19000196,436981,5087,"10,572.75"
44330,54260,00000,1100-40-44-443-4430-0000-00000-00000-54260-00000,ST SN PLOW SNOW REMVL,2019,1,860,01/12/2019,API,1,166033,19000189,436982,5087,"2,958.00"
44330,54260,00000,1100-40-44-443-4430-0000-00000-00000-54260-00000,ST SN PLOW SNOW REMVL,2019,1,860,01/12/2019,API,1,191460,19000186,436979,5087,"1,669.50"
44330,54260,00000,1100-40-44-443-4430-0000-00000-00000-54260-00000,ST SN PLOW SNOW REMVL,2019,1,860,01/12/2019,API,1,608459,19000202,436980,5087,"8,700.00"
44330,53240,00000,1100-40-44-443-4430-0000-00000-00000-53240-00000,ST SN PLOW SNOW SUP,2019,1,783,01/11/2019,API,1,617278,19000204,436907,5058,"15,906.21"
44330,57145,00000,1100-40-44-443-4430-0000-00000-00000-57145-00000,ST SN PLOW ID CHRG TE,2019,1,739,01/10/2019,GEN,1,,,,RADIO SHOP,"7,326.45"
44332,57145,00000,1100-40-44-443-4432-0000-00000-00000-57145-00000,ST SN CROS ID CHRG TE,2019,1,739,01/10/2019,GEN,1,,,,RADIO SHOP,814.05
44333,57145,00000,1100-40-44-443-4433-0000-00000-00000-57145-00000,ST SN BARR ID CHRG TE,2019,1,739,01/10/2019,GEN,1,,,,RADIO SHOP,407.02
44301,51110,00000,1100-40-44-443-4401-0000-00000-00000-51110-00000,SW ADM PERM WAGES,2019,1,656,01/11/2019,PRJ,1,1901,11901,11901,PR1901,"-14,873.42"
44301,51120,00000,1100-40-44-443-4401-0000-00000-00000-51120-00000,SW ADM PRMIUM PAY,2019,1,656,01/11/2019,PRJ,1,1901,11901,11901,PR1901,-529.82
44301,51310,00000,1100-40-44-443-4401-0000-00000-00000-51310-00000,SW ADM OVRTM PERM,2019,1,656,01/11/2019,PRJ,1,1901,11901,11901,PR1901,-392.48
44301,52410,00000,1100-40-44-443-4401-0000-00000-00000-52410-00000,SW ADM HLTH INS B,2019,1,656,01/11/2019,PRJ,1,1901,11901,11901,PR1901,"-5,168.97"
44301,52510,00000,1100-40-44-443-4401-0000-00000-00000-52510-00000,SW ADM WI RET SY,2019,1,656,01/11/2019,PRJ,1,1901,11901,11901,PR1901,"-1,034.65"
44301,52610,00000,1100-40-44-443-4401-0000-00000-00000-52610-00000,SW ADM FICA MEDIC,2019,1,656,01/11/2019,PRJ,1,1901,11901,11901,PR1901,"-1,146.54"
44330,51110,00000,1100-40-44-443-4430-0000-00000-00000-51110-00000,ST SN PLOW PERM WAGES,2019,1,656,01/11/2019,PRJ,1,1901,11901,11901,PR1901,"-55,275.74"
44330,51120,00000,1100-40-44-443-4430-0000-00000-00000-51120-00000,ST SN PLOW PRMIUM PAY,2019,1,656,01/11/2019,PRJ,1,1901,11901,11901,PR1901,"-11,191.19"
44330,51130,00000,1100-40-44-443-4430-0000-00000-00000-51130-00000,ST SN PLOW WKR COMP W,2019,1,656,01/11/2019,PRJ,1,1901,11901,11901,PR1901,-223.53
44330,51140,00000,1100-40-44-443-4430-0000-00000-00000-51140-00000,ST SN PLOW COMP ABSNC,2019,1,656,01/11/2019,PRJ,1,1901,11901,11901,PR1901,-35.60
44330,51310,00000,1100-40-44-443-4430-0000-00000-00000-51310-00000,ST SN PLOW OVRTM PERM,2019,1,656,01/11/2019,PRJ,1,1901,11901,11901,PR1901,"-22,927.13"
44330,52410,00000,1100-40-44-443-4430-0000-00000-00000-52410-00000,ST SN PLOW HLTH INS B,2019,1,656,01/11/2019,PRJ,1,1901,11901,11901,PR1901,"-27,847.44"
44330,52413,00000,1100-40-44-443-4430-0000-00000-00000-52413-00000,ST SN PLOW WAGE INS B,2019,1,656,01/11/2019,PRJ,1,1901,11901,11901,PR1901,4.82
44330,52510,00000,1100-40-44-443-4430-0000-00000-00000-52510-00000,ST SN PLOW WI RET SY,2019,1,656,01/11/2019,PRJ,1,1901,11901,11901,PR1901,"-5,880.40"
44330,52610,00000,1100-40-44-443-4430-0000-00000-00000-52610-00000,ST SN PLOW FICA MEDIC,2019,1,656,01/11/2019,PRJ,1,1901,11901,11901,PR1901,"-6,562.78"
44331,51110,00000,1100-40-44-443-4431-0000-00000-00000-51110-00000,ST SN REMV PERM WAGES,2019,1,656,01/11/2019,PRJ,1,1901,11901,11901,PR1901,-6.53
44331,51140,00000,1100-40-44-443-4431-0000-00000-00000-51140-00000,ST SN REMV COMP ABSNC,2019,1,656,01/11/2019,PRJ,1,1901,11901,11901,PR1901,-3.56
44331,52410,00000,1100-40-44-443-4431-0000-00000-00000-52410-00000,ST SN REMV HLTH INS B,2019,1,656,01/11/2019,PRJ,1,1901,11901,11901,PR1901,-1.05
44331,52510,00000,1100-40-44-443-4431-0000-00000-00000-52510-00000,ST SN REMV WI RET SY,2019,1,656,01/11/2019,PRJ,1,1901,11901,11901,PR1901,-0.66
44331,52610,00000,1100-40-44-443-4431-0000-00000-00000-52610-00000,ST SN REMV FICA MEDIC,2019,1,656,01/11/2019,PRJ,1,1901,11901,11901,PR1901,-0.75
44332,51110,00000,1100-40-44-443-4432-0000-00000-00000-51110-00000,ST SN CROS PERM WAGES,2019,1,656,01/11/2019,PRJ,1,1901,11901,11901,PR1901,-6.53
44332,51140,00000,1100-40-44-443-4432-0000-00000-00000-51140-00000,ST SN CROS COMP ABSNC,2019,1,656,01/11/2019,PRJ,1,1901,11901,11901,PR1901,-3.56
44332,52410,00000,1100-40-44-443-4432-0000-00000-00000-52410-00000,ST SN CROS HLTH INS B,2019,1,656,01/11/2019,PRJ,1,1901,11901,11901,PR1901,-1.05
44332,52510,00000,1100-40-44-443-4432-0000-00000-00000-52510-00000,ST SN CROS WI RET SY,2019,1,656,01/11/2019,PRJ,1,1901,11901,11901,PR1901,-0.66
44332,52610,00000,1100-40-44-443-4432-0000-00000-00000-52610-00000,ST SN CROS FICA MEDIC,2019,1,656,01/11/2019,PRJ,1,1901,11901,11901,PR1901,-0.75
44301,51110,00000,1100-40-44-443-4401-0000-00000-00000-51110-00000,SW ADM PERM WAGES,2019,1,655,01/11/2019,PRJ,1,1901,11901,11901,,"14,873.42"
44301,51120,00000,1100-40-44-443-4401-0000-00000-00000-51120-00000,SW ADM PRMIUM PAY,2019,1,655,01/11/2019,PRJ,1,1901,11901,11901,,529.82
44301,51310,00000,1100-40-44-443-4401-0000-00000-00000-51310-00000,SW ADM OVRTM PERM,2019,1,655,01/11/2019,PRJ,1,1901,11901,11901,,392.48
44301,52410,00000,1100-40-44-443-4401-0000-00000-00000-52410-00000,SW ADM HLTH INS B,2019,1,655,01/11/2019,PRJ,1,1901,11901,11901,,"5,168.97"
44301,52510,00000,1100-40-44-443-4401-0000-00000-00000-52510-00000,SW ADM WI RET SY,2019,1,655,01/11/2019,PRJ,1,1901,11901,11901,,"1,034.65"
44301,52610,00000,1100-40-44-443-4401-0000-00000-00000-52610-00000,SW ADM FICA MEDIC,2019,1,655,01/11/2019,PRJ,1,1901,11901,11901,,"1,146.54"
44330,51110,00000,1100-40-44-443-4430-0000-00000-00000-51110-00000,ST SN PLOW PERM WAGES,2019,1,655,01/11/2019,PRJ,1,1901,11901,11901,,"55,275.74"
44330,51120,00000,1100-40-44-443-4430-0000-00000-00000-51120-00000,ST SN PLOW PRMIUM PAY,2019,1,655,01/11/2019,PRJ,1,1901,11901,11901,,"11,191.19"
44330,51130,00000,1100-40-44-443-4430-0000-00000-00000-51130-00000,ST SN PLOW WKR COMP W,2019,1,655,01/11/2019,PRJ,1,1901,11901,11901,,223.53
44330,51140,00000,1100-40-44-443-4430-0000-00000-00000-51140-00000,ST SN PLOW COMP ABSNC,2019,1,655,01/11/2019,PRJ,1,1901,11901,11901,,35.60
44330,51310,00000,1100-40-44-443-4430-0000-00000-00000-51310-00000,ST SN PLOW OVRTM PERM,2019,1,655,01/11/2019,PRJ,1,1901,11901,11901,,"22,927.13"
44330,52410,00000,1100-40-44-443-4430-0000-00000-00000-52410-00000,ST SN PLOW HLTH INS B,2019,1,655,01/11/2019,PRJ,1,1901,11901,11901,,"27,847.44"
44330,52413,00000,1100-40-44-443-4430-0000-00000-00000-52413-00000,ST SN PLOW WAGE INS B,2019,1,655,01/11/2019,PRJ,1,1901,11901,11901,,-4.82
44330,52510,00000,1100-40-44-443-4430-0000-00000-00000-52510-00000,ST SN PLOW WI RET SY,2019,1,655,01/11/2019,PRJ,1,1901,11901,11901,,"5,880.40"
44330,52610,00000,1100-40-44-443-4430-0000-00000-00000-52610-00000,ST SN PLOW FICA MEDIC,2019,1,655,01/11/2019,PRJ,1,1901,11901,11901,,"6,562.78"
44331,51110,00000,1100-40-44-443-4431-0000-00000-00000-51110-00000,ST SN REMV PERM WAGES,2019,1,655,01/11/2019,PRJ,1,1901,11901,11901,,6.53
44331,51140,00000,1100-40-44-443-4431-0000-00000-00000-51140-00000,ST SN REMV COMP ABSNC,2019,1,655,01/11/2019,PRJ,1,1901,11901,11901,,3.56
44331,52410,00000,1100-40-44-443-4431-0000-00000-00000-52410-00000,ST SN REMV HLTH INS B,2019,1,655,01/11/2019,PRJ,1,1901,11901,11901,,1.05
44331,52510,00000,1100-40-44-443-4431-0000-00000-00000-52510-00000,ST SN REMV WI RET SY,2019,1,655,01/11/2019,PRJ,1,1901,11901,11901,,0.66
44331,52610,00000,1100-40-44-443-4431-0000-00000-00000-52610-00000,ST SN REMV FICA MEDIC,2019,1,655,01/11/2019,PRJ,1,1901,11901,11901,,0.75
44332,51110,00000,1100-40-44-443-4432-0000-00000-00000-51110-00000,ST SN CROS PERM WAGES,2019,1,655,01/11/2019,PRJ,1,1901,11901,11901,,6.53
44332,51140,00000,1100-40-44-443-4432-0000-00000-00000-51140-00000,ST SN CROS COMP ABSNC,2019,1,655,01/11/2019,PRJ,1,1901,11901,11901,,3.56
44332,52410,00000,1100-40-44-443-4432-0000-00000-00000-52410-00000,ST SN CROS HLTH INS B,2019,1,655,01/11/2019,PRJ,1,1901,11901,11901,,1.05
44332,52510,00000,1100-40-44-443-4432-0000-00000-00000-52510-00000,ST SN CROS WI RET SY,2019,1,655,01/11/2019,PRJ,1,1901,11901,11901,,0.66
44332,52610,00000,1100-40-44-443-4432-0000-00000-00000-52610-00000,ST SN CROS FICA MEDIC,2019,1,655,01/11/2019,PRJ,1,1901,11901,11901,,0.75
44330,53240,00000,1100-40-44-443-4430-0000-00000-00000-53240-00000,ST SN PLOW SNOW SUP,2019,1,446,01/08/2019,API,1,708461,19000161,435915,4915,"21,539.83"
44330,53240,00000,1100-40-44-443-4430-0000-00000-00000-53240-00000,ST SN PLOW SNOW SUP,2019,1,446,01/08/2019,API,1,708461,19000161,435916,4915,"14,734.43"
44330,53240,00000,1100-40-44-443-4430-0000-00000-00000-53240-00000,ST SN PLOW SNOW SUP,2019,1,446,01/08/2019,API,1,708461,19000161,435918,4915,"13,134.10"
44330,53240,00000,1100-40-44-443-4430-0000-00000-00000-53240-00000,ST SN PLOW SNOW SUP,2019,1,446,01/08/2019,API,1,708461,19000161,435919,4915,"1,621.78"
,,,,,,,,,,,,,,,